# Blender 4.2.1 LTS
# www.blender.org
mtllib sphere_flat.mtl
o Sphere
v 0.000000 0.991445 -0.130526
v 0.000000 0.923880 -0.382683
v 0.000000 0.866025 -0.500000
v 0.000000 0.382683 -0.923880
v 0.000000 0.258819 -0.965926
v 0.000000 0.130526 -0.991445
v 0.000000 0.000000 -1.000000
v 0.000000 -0.130526 -0.991445
v 0.000000 -0.258819 -0.965926
v 0.000000 -0.382683 -0.923880
v 0.000000 -0.608761 -0.793353
v 0.000000 -0.866025 -0.500000
v 0.000000 -0.923880 -0.382683
v 0.000000 -0.991445 -0.130526
v 0.027138 0.991445 -0.127674
v 0.053812 0.965926 -0.253163
v 0.079564 0.923880 -0.374321
v 0.103956 0.866025 -0.489074
v 0.126569 0.793353 -0.595459
v 0.147016 0.707107 -0.691655
v 0.164947 0.608761 -0.776017
v 0.180057 0.500000 -0.847101
v 0.192085 0.382683 -0.903691
v 0.200827 0.258819 -0.944818
v 0.206133 0.130526 -0.969779
v 0.207912 0.000000 -0.978148
v 0.206133 -0.130526 -0.969779
v 0.200827 -0.258819 -0.944818
v 0.192085 -0.382683 -0.903691
v 0.180057 -0.500000 -0.847101
v 0.164947 -0.608761 -0.776017
v 0.147016 -0.707107 -0.691655
v 0.126569 -0.793353 -0.595459
v 0.103956 -0.866025 -0.489074
v 0.079564 -0.923880 -0.374321
v 0.053812 -0.965926 -0.253163
v 0.027138 -0.991445 -0.127674
v 0.053090 0.991445 -0.119242
v 0.105271 0.965926 -0.236443
v 0.155651 0.923880 -0.349599
v 0.203368 0.866025 -0.456773
v 0.247606 0.793353 -0.556131
v 0.287606 0.707107 -0.645974
v 0.322686 0.608761 -0.724764
v 0.352244 0.500000 -0.791154
v 0.375776 0.382683 -0.844006
v 0.392877 0.258819 -0.882417
v 0.403257 0.130526 -0.905730
v 0.406737 0.000000 -0.913546
v 0.403257 -0.130526 -0.905730
v 0.392877 -0.258819 -0.882417
v 0.375776 -0.382683 -0.844006
v 0.352244 -0.500000 -0.791154
v 0.322686 -0.608761 -0.724764
v 0.287606 -0.707107 -0.645974
v 0.247606 -0.793353 -0.556131
v 0.203368 -0.866025 -0.456773
v 0.155651 -0.923880 -0.349599
v 0.105271 -0.965926 -0.236443
v 0.053090 -0.991445 -0.119242
v 0.076721 0.991445 -0.105598
v 0.152130 0.965926 -0.209389
v 0.224936 0.923880 -0.309597
v 0.293893 0.866025 -0.404509
v 0.357821 0.793353 -0.492498
v 0.415627 0.707107 -0.572061
v 0.466321 0.608761 -0.641836
v 0.509037 0.500000 -0.700629
v 0.543043 0.382683 -0.747434
v 0.567757 0.258819 -0.781450
v 0.582757 0.130526 -0.802096
v 0.587785 0.000000 -0.809017
v 0.582757 -0.130526 -0.802096
v 0.567757 -0.258819 -0.781450
v 0.543043 -0.382683 -0.747434
v 0.509037 -0.500000 -0.700629
v 0.466321 -0.608761 -0.641836
v 0.415627 -0.707107 -0.572061
v 0.357821 -0.793353 -0.492498
v 0.293893 -0.866025 -0.404509
v 0.224936 -0.923880 -0.309597
v 0.152130 -0.965926 -0.209389
v 0.076721 -0.991445 -0.105598
v 0.097000 0.991445 -0.087339
v 0.192340 0.965926 -0.173184
v 0.284389 0.923880 -0.256065
v 0.371572 0.866025 -0.334565
v 0.452398 0.793353 -0.407341
v 0.525483 0.707107 -0.473147
v 0.589577 0.608761 -0.530857
v 0.643582 0.500000 -0.579484
v 0.686576 0.382683 -0.618196
v 0.717823 0.258819 -0.646331
v 0.736787 0.130526 -0.663406
v 0.743145 0.000000 -0.669131
v 0.736787 -0.130526 -0.663406
v 0.717823 -0.258819 -0.646331
v 0.686576 -0.382683 -0.618196
v 0.643582 -0.500000 -0.579484
v 0.589577 -0.608761 -0.530857
v 0.525483 -0.707107 -0.473147
v 0.452398 -0.793353 -0.407341
v 0.371572 -0.866025 -0.334565
v 0.284389 -0.923880 -0.256065
v 0.192340 -0.965926 -0.173184
v 0.097000 -0.991445 -0.087339
v 0.000000 1.000000 0.000000
v 0.113039 0.991445 -0.065263
v 0.224144 0.965926 -0.129410
v 0.331414 0.923880 -0.191342
v 0.433013 0.866025 -0.250000
v 0.527203 0.793353 -0.304381
v 0.612372 0.707107 -0.353553
v 0.687064 0.608761 -0.396677
v 0.750000 0.500000 -0.433013
v 0.800103 0.382683 -0.461940
v 0.836516 0.258819 -0.482963
v 0.858617 0.130526 -0.495722
v 0.866026 0.000000 -0.500000
v 0.858617 -0.130526 -0.495722
v 0.836516 -0.258819 -0.482963
v 0.800103 -0.382683 -0.461940
v 0.750000 -0.500000 -0.433013
v 0.687064 -0.608761 -0.396677
v 0.612372 -0.707107 -0.353553
v 0.527203 -0.793353 -0.304381
v 0.433013 -0.866025 -0.250000
v 0.331414 -0.923880 -0.191342
v 0.224144 -0.965926 -0.129410
v 0.113039 -0.991445 -0.065263
v 0.124138 0.991445 -0.040335
v 0.246152 0.965926 -0.079979
v 0.363954 0.923880 -0.118256
v 0.475528 0.866025 -0.154509
v 0.578967 0.793353 -0.188118
v 0.672499 0.707107 -0.218508
v 0.754524 0.608761 -0.245160
v 0.823639 0.500000 -0.267617
v 0.878662 0.382683 -0.285494
v 0.918650 0.258819 -0.298487
v 0.942920 0.130526 -0.306373
v 0.951057 0.000000 -0.309017
v 0.942920 -0.130526 -0.306373
v 0.918650 -0.258819 -0.298487
v 0.878662 -0.382683 -0.285494
v 0.823639 -0.500000 -0.267617
v 0.754524 -0.608761 -0.245160
v 0.672499 -0.707107 -0.218508
v 0.578967 -0.793353 -0.188118
v 0.475528 -0.866025 -0.154509
v 0.363954 -0.923880 -0.118256
v 0.246152 -0.965926 -0.079979
v 0.124138 -0.991445 -0.040335
v 0.129811 0.991445 -0.013644
v 0.257401 0.965926 -0.027054
v 0.380587 0.923880 -0.040001
v 0.497261 0.866025 -0.052264
v 0.605427 0.793353 -0.063633
v 0.703233 0.707107 -0.073913
v 0.789007 0.608761 -0.082928
v 0.861281 0.500000 -0.090524
v 0.918819 0.382683 -0.096572
v 0.960635 0.258819 -0.100967
v 0.986014 0.130526 -0.103634
v 0.994522 0.000000 -0.104528
v 0.986014 -0.130526 -0.103634
v 0.960635 -0.258819 -0.100967
v 0.918819 -0.382683 -0.096572
v 0.861281 -0.500000 -0.090524
v 0.789007 -0.608761 -0.082928
v 0.703233 -0.707107 -0.073913
v 0.605427 -0.793353 -0.063633
v 0.497261 -0.866025 -0.052264
v 0.380587 -0.923880 -0.040001
v 0.257401 -0.965926 -0.027054
v 0.129811 -0.991445 -0.013644
v 0.129811 0.991445 0.013644
v 0.257401 0.965926 0.027054
v 0.380587 0.923880 0.040001
v 0.497261 0.866025 0.052264
v 0.605427 0.793353 0.063633
v 0.703233 0.707107 0.073913
v 0.789007 0.608761 0.082928
v 0.861281 0.500000 0.090524
v 0.918819 0.382683 0.096572
v 0.960635 0.258819 0.100967
v 0.986014 0.130526 0.103634
v 0.994522 0.000000 0.104529
v 0.986014 -0.130526 0.103634
v 0.960635 -0.258819 0.100967
v 0.918819 -0.382683 0.096572
v 0.861281 -0.500000 0.090524
v 0.789007 -0.608761 0.082928
v 0.703233 -0.707107 0.073913
v 0.605427 -0.793353 0.063633
v 0.497261 -0.866025 0.052264
v 0.380587 -0.923880 0.040001
v 0.257401 -0.965926 0.027054
v 0.129811 -0.991445 0.013644
v 0.124138 0.991445 0.040335
v 0.246152 0.965926 0.079980
v 0.363954 0.923880 0.118256
v 0.475528 0.866025 0.154509
v 0.578967 0.793353 0.188118
v 0.672499 0.707107 0.218508
v 0.754524 0.608761 0.245160
v 0.823639 0.500000 0.267617
v 0.878662 0.382683 0.285495
v 0.918650 0.258819 0.298488
v 0.942920 0.130526 0.306373
v 0.951057 0.000000 0.309017
v 0.942920 -0.130526 0.306373
v 0.918650 -0.258819 0.298488
v 0.878662 -0.382683 0.285495
v 0.823639 -0.500000 0.267617
v 0.754524 -0.608761 0.245160
v 0.672499 -0.707107 0.218508
v 0.578967 -0.793353 0.188118
v 0.475528 -0.866025 0.154509
v 0.363954 -0.923880 0.118256
v 0.246152 -0.965926 0.079980
v 0.124138 -0.991445 0.040335
v 0.113039 0.991445 0.065263
v 0.224144 0.965926 0.129410
v 0.331414 0.923880 0.191342
v 0.433013 0.866025 0.250000
v 0.527203 0.793353 0.304381
v 0.612373 0.707107 0.353553
v 0.687064 0.608761 0.396677
v 0.750000 0.500000 0.433013
v 0.800103 0.382683 0.461940
v 0.836516 0.258819 0.482963
v 0.858617 0.130526 0.495723
v 0.866026 0.000000 0.500000
v 0.858617 -0.130526 0.495723
v 0.836516 -0.258819 0.482963
v 0.800103 -0.382683 0.461940
v 0.750000 -0.500000 0.433013
v 0.687064 -0.608761 0.396677
v 0.612373 -0.707107 0.353553
v 0.527203 -0.793353 0.304381
v 0.433013 -0.866025 0.250000
v 0.331414 -0.923880 0.191342
v 0.224144 -0.965926 0.129410
v 0.113039 -0.991445 0.065263
v 0.097000 0.991445 0.087339
v 0.192340 0.965926 0.173184
v 0.284389 0.923880 0.256065
v 0.371573 0.866025 0.334565
v 0.452398 0.793353 0.407341
v 0.525483 0.707107 0.473147
v 0.589577 0.608761 0.530857
v 0.643582 0.500000 0.579484
v 0.686576 0.382683 0.618196
v 0.717823 0.258819 0.646331
v 0.736787 0.130526 0.663406
v 0.743145 0.000000 0.669131
v 0.736787 -0.130526 0.663406
v 0.717823 -0.258819 0.646331
v 0.686576 -0.382683 0.618196
v 0.643582 -0.500000 0.579484
v 0.589577 -0.608761 0.530857
v 0.525483 -0.707107 0.473147
v 0.452398 -0.793353 0.407341
v 0.371573 -0.866025 0.334565
v 0.284389 -0.923880 0.256065
v 0.192340 -0.965926 0.173184
v 0.097000 -0.991445 0.087339
v 0.076721 0.991445 0.105598
v 0.152130 0.965926 0.209389
v 0.224936 0.923880 0.309598
v 0.293893 0.866025 0.404509
v 0.357821 0.793353 0.492499
v 0.415627 0.707107 0.572061
v 0.466321 0.608761 0.641837
v 0.509037 0.500000 0.700630
v 0.543043 0.382683 0.747435
v 0.567757 0.258819 0.781451
v 0.582757 0.130526 0.802096
v 0.587785 0.000000 0.809017
v 0.582757 -0.130526 0.802096
v 0.567757 -0.258819 0.781451
v 0.543043 -0.382683 0.747435
v 0.509037 -0.500000 0.700630
v 0.466321 -0.608761 0.641837
v 0.415627 -0.707107 0.572061
v 0.357821 -0.793353 0.492499
v 0.293893 -0.866025 0.404509
v 0.224936 -0.923880 0.309598
v 0.152130 -0.965926 0.209389
v 0.076721 -0.991445 0.105598
v 0.053090 0.991445 0.119242
v 0.105271 0.965926 0.236443
v 0.155651 0.923880 0.349599
v 0.203368 0.866025 0.456773
v 0.247606 0.793353 0.556131
v 0.287606 0.707107 0.645974
v 0.322686 0.608761 0.724765
v 0.352244 0.500000 0.791154
v 0.375776 0.382683 0.844006
v 0.392878 0.258819 0.882418
v 0.403257 0.130526 0.905730
v 0.406737 0.000000 0.913546
v 0.403257 -0.130526 0.905730
v 0.392878 -0.258819 0.882418
v 0.375776 -0.382683 0.844006
v 0.352244 -0.500000 0.791154
v 0.322686 -0.608761 0.724765
v 0.287606 -0.707107 0.645974
v 0.247606 -0.793353 0.556131
v 0.203368 -0.866025 0.456773
v 0.155651 -0.923880 0.349599
v 0.105271 -0.965926 0.236443
v 0.053090 -0.991445 0.119242
v 0.027138 0.991445 0.127674
v 0.053812 0.965926 0.253163
v 0.079564 0.923880 0.374321
v 0.103956 0.866025 0.489074
v 0.126569 0.793353 0.595459
v 0.147016 0.707107 0.691655
v 0.164947 0.608761 0.776017
v 0.180057 0.500000 0.847101
v 0.192085 0.382683 0.903691
v 0.200827 0.258819 0.944818
v 0.206133 0.130526 0.969780
v 0.207912 0.000000 0.978148
v 0.206133 -0.130526 0.969780
v 0.200827 -0.258819 0.944818
v 0.192085 -0.382683 0.903691
v 0.180057 -0.500000 0.847101
v 0.164947 -0.608761 0.776017
v 0.147016 -0.707107 0.691655
v 0.126569 -0.793353 0.595459
v 0.103956 -0.866025 0.489074
v 0.079564 -0.923880 0.374321
v 0.053812 -0.965926 0.253163
v 0.027138 -0.991445 0.127674
v -0.000000 0.991445 0.130526
v -0.000000 0.965926 0.258819
v 0.000000 0.923880 0.382684
v -0.000000 0.866025 0.500000
v -0.000000 0.793353 0.608762
v 0.000000 0.707107 0.707107
v -0.000000 0.608761 0.793354
v -0.000000 0.500000 0.866026
v -0.000000 0.382683 0.923880
v -0.000000 0.258819 0.965926
v -0.000000 0.130526 0.991445
v -0.000000 0.000000 1.000000
v -0.000000 -0.130526 0.991445
v -0.000000 -0.258819 0.965926
v -0.000000 -0.382683 0.923880
v -0.000000 -0.500000 0.866026
v -0.000000 -0.608761 0.793354
v 0.000000 -0.707107 0.707107
v -0.000000 -0.793353 0.608762
v -0.000000 -0.866025 0.500000
v 0.000000 -0.923880 0.382684
v -0.000000 -0.965926 0.258819
v -0.000000 -0.991445 0.130526
v -0.027138 0.991445 0.127674
v -0.053812 0.965926 0.253163
v -0.079564 0.923880 0.374321
v -0.103956 0.866025 0.489074
v -0.126569 0.793353 0.595459
v -0.147016 0.707107 0.691655
v -0.164948 0.608761 0.776017
v -0.180057 0.500000 0.847101
v -0.192086 0.382683 0.903691
v -0.200827 0.258819 0.944818
v -0.206133 0.130526 0.969780
v -0.207912 0.000000 0.978148
v -0.206133 -0.130526 0.969780
v -0.200827 -0.258819 0.944818
v -0.192086 -0.382683 0.903691
v -0.180057 -0.500000 0.847101
v -0.164948 -0.608761 0.776017
v -0.147016 -0.707107 0.691655
v -0.126569 -0.793353 0.595459
v -0.103956 -0.866025 0.489074
v -0.079564 -0.923880 0.374321
v -0.053812 -0.965926 0.253163
v -0.027138 -0.991445 0.127674
v -0.053090 0.991445 0.119242
v -0.105271 0.965926 0.236443
v -0.155651 0.923880 0.349599
v -0.203368 0.866025 0.456773
v -0.247606 0.793353 0.556132
v -0.287606 0.707107 0.645974
v -0.322686 0.608761 0.724765
v -0.352245 0.500000 0.791154
v -0.375776 0.382683 0.844006
v -0.392878 0.258819 0.882418
v -0.403257 0.130526 0.905730
v -0.406737 0.000000 0.913546
v -0.403257 -0.130526 0.905730
v -0.392878 -0.258819 0.882418
v -0.375776 -0.382683 0.844006
v -0.352245 -0.500000 0.791154
v -0.322686 -0.608761 0.724765
v -0.287606 -0.707107 0.645974
v -0.247606 -0.793353 0.556132
v -0.203368 -0.866025 0.456773
v -0.155651 -0.923880 0.349599
v -0.105271 -0.965926 0.236443
v -0.053090 -0.991445 0.119242
v -0.076721 0.991445 0.105598
v -0.152130 0.965926 0.209389
v -0.224936 0.923880 0.309598
v -0.293893 0.866025 0.404509
v -0.357821 0.793353 0.492499
v -0.415627 0.707107 0.572062
v -0.466322 0.608761 0.641837
v -0.509037 0.500000 0.700630
v -0.543043 0.382683 0.747435
v -0.567757 0.258819 0.781451
v -0.582757 0.130526 0.802096
v -0.587786 0.000000 0.809017
v -0.582757 -0.130526 0.802096
v -0.567757 -0.258819 0.781451
v -0.543043 -0.382683 0.747435
v -0.509037 -0.500000 0.700630
v -0.466322 -0.608761 0.641837
v -0.415627 -0.707107 0.572062
v -0.357821 -0.793353 0.492499
v -0.293893 -0.866025 0.404509
v -0.224936 -0.923880 0.309598
v -0.152130 -0.965926 0.209389
v -0.076721 -0.991445 0.105598
v -0.097000 0.991445 0.087339
v -0.192340 0.965926 0.173184
v -0.284389 0.923880 0.256065
v -0.371573 0.866025 0.334565
v -0.452398 0.793353 0.407341
v -0.525483 0.707107 0.473147
v -0.589577 0.608761 0.530857
v -0.643583 0.500000 0.579484
v -0.686577 0.382683 0.618196
v -0.717823 0.258819 0.646331
v -0.736788 0.130526 0.663406
v -0.743145 0.000000 0.669131
v -0.736788 -0.130526 0.663406
v -0.717823 -0.258819 0.646331
v -0.686577 -0.382683 0.618196
v -0.643583 -0.500000 0.579484
v -0.589577 -0.608761 0.530857
v -0.525483 -0.707107 0.473147
v -0.452398 -0.793353 0.407341
v -0.371573 -0.866025 0.334565
v -0.284389 -0.923880 0.256065
v -0.192340 -0.965926 0.173184
v -0.097000 -0.991445 0.087339
v -0.113039 0.991445 0.065263
v -0.224144 0.965926 0.129410
v -0.331414 0.923880 0.191342
v -0.433013 0.866025 0.250000
v -0.527203 0.793353 0.304381
v -0.612373 0.707107 0.353554
v -0.687065 0.608761 0.396677
v -0.750001 0.500000 0.433013
v -0.800104 0.382683 0.461940
v -0.836517 0.258819 0.482963
v -0.858617 0.130526 0.495723
v -0.866026 0.000000 0.500000
v -0.858617 -0.130526 0.495723
v -0.836517 -0.258819 0.482963
v -0.800104 -0.382683 0.461940
v -0.750001 -0.500000 0.433013
v -0.687065 -0.608761 0.396677
v -0.612373 -0.707107 0.353554
v -0.527203 -0.793353 0.304381
v -0.433013 -0.866025 0.250000
v -0.331414 -0.923880 0.191342
v -0.224144 -0.965926 0.129410
v -0.113039 -0.991445 0.065263
v -0.124138 0.991445 0.040335
v -0.246152 0.965926 0.079979
v -0.363954 0.923880 0.118256
v -0.475529 0.866025 0.154509
v -0.578967 0.793353 0.188118
v -0.672499 0.707107 0.218508
v -0.754524 0.608761 0.245160
v -0.823640 0.500000 0.267617
v -0.878662 0.382683 0.285495
v -0.918651 0.258819 0.298488
v -0.942921 0.130526 0.306373
v -0.951057 0.000000 0.309017
v -0.942921 -0.130526 0.306373
v -0.918651 -0.258819 0.298488
v -0.878662 -0.382683 0.285495
v -0.823640 -0.500000 0.267617
v -0.754524 -0.608761 0.245160
v -0.672499 -0.707107 0.218508
v -0.578967 -0.793353 0.188118
v -0.475529 -0.866025 0.154509
v -0.363954 -0.923880 0.118256
v -0.246152 -0.965926 0.079979
v -0.124138 -0.991445 0.040335
v -0.129811 0.991445 0.013644
v -0.257401 0.965926 0.027054
v -0.380587 0.923880 0.040001
v -0.497261 0.866025 0.052264
v -0.605427 0.793353 0.063633
v -0.703233 0.707107 0.073913
v -0.789008 0.608761 0.082928
v -0.861282 0.500000 0.090524
v -0.918819 0.382683 0.096572
v -0.960635 0.258819 0.100967
v -0.986014 0.130526 0.103634
v -0.994523 0.000000 0.104528
v -0.986014 -0.130526 0.103634
v -0.960635 -0.258819 0.100967
v -0.918819 -0.382683 0.096572
v -0.861282 -0.500000 0.090524
v -0.789008 -0.608761 0.082928
v -0.703233 -0.707107 0.073913
v -0.605427 -0.793353 0.063633
v -0.497261 -0.866025 0.052264
v -0.380587 -0.923880 0.040001
v -0.257401 -0.965926 0.027054
v -0.129811 -0.991445 0.013644
v -0.129811 0.991445 -0.013644
v -0.257401 0.965926 -0.027054
v -0.380587 0.923880 -0.040001
v -0.497261 0.866025 -0.052264
v -0.605427 0.793353 -0.063633
v -0.703233 0.707107 -0.073913
v -0.789008 0.608761 -0.082928
v -0.861282 0.500000 -0.090525
v -0.918819 0.382683 -0.096572
v -0.960635 0.258819 -0.100967
v -0.986014 0.130526 -0.103634
v -0.994523 0.000000 -0.104529
v -0.986014 -0.130526 -0.103634
v -0.960635 -0.258819 -0.100967
v -0.918819 -0.382683 -0.096572
v -0.861282 -0.500000 -0.090525
v -0.789008 -0.608761 -0.082928
v -0.703233 -0.707107 -0.073913
v -0.605427 -0.793353 -0.063633
v -0.497261 -0.866025 -0.052264
v -0.380587 -0.923880 -0.040001
v -0.257401 -0.965926 -0.027054
v -0.129811 -0.991445 -0.013644
v -0.124138 0.991445 -0.040335
v -0.246152 0.965926 -0.079980
v -0.363954 0.923880 -0.118256
v -0.475529 0.866025 -0.154509
v -0.578967 0.793353 -0.188118
v -0.672499 0.707107 -0.218508
v -0.754524 0.608761 -0.245160
v -0.823640 0.500000 -0.267617
v -0.878662 0.382683 -0.285495
v -0.918651 0.258819 -0.298488
v -0.942921 0.130526 -0.306374
v -0.951057 0.000000 -0.309017
v -0.942921 -0.130526 -0.306374
v -0.918651 -0.258819 -0.298488
v -0.878662 -0.382683 -0.285495
v -0.823640 -0.500000 -0.267617
v -0.754524 -0.608761 -0.245160
v -0.672499 -0.707107 -0.218508
v -0.578967 -0.793353 -0.188118
v -0.475529 -0.866025 -0.154509
v -0.363954 -0.923880 -0.118256
v -0.246152 -0.965926 -0.079980
v -0.124138 -0.991445 -0.040335
v -0.113039 0.991445 -0.065263
v -0.224144 0.965926 -0.129410
v -0.331414 0.923880 -0.191342
v -0.433013 0.866025 -0.250000
v -0.527203 0.793353 -0.304381
v -0.612373 0.707107 -0.353554
v -0.687065 0.608761 -0.396677
v -0.750001 0.500000 -0.433013
v -0.800104 0.382683 -0.461940
v -0.836517 0.258819 -0.482963
v -0.858617 0.130526 -0.495723
v -0.866026 0.000000 -0.500001
v -0.858617 -0.130526 -0.495723
v -0.836517 -0.258819 -0.482963
v -0.800104 -0.382683 -0.461940
v -0.750001 -0.500000 -0.433013
v -0.687065 -0.608761 -0.396677
v -0.612373 -0.707107 -0.353554
v -0.527203 -0.793353 -0.304381
v -0.433013 -0.866025 -0.250000
v -0.331414 -0.923880 -0.191342
v -0.224144 -0.965926 -0.129410
v -0.113039 -0.991445 -0.065263
v -0.097000 0.991445 -0.087339
v -0.192340 0.965926 -0.173184
v -0.284389 0.923880 -0.256065
v -0.371573 0.866025 -0.334566
v -0.452398 0.793353 -0.407341
v -0.525483 0.707107 -0.473147
v -0.589577 0.608761 -0.530857
v -0.643583 0.500000 -0.579485
v -0.686577 0.382683 -0.618197
v -0.717823 0.258819 -0.646331
v -0.736788 0.130526 -0.663407
v -0.743145 0.000000 -0.669131
v -0.736788 -0.130526 -0.663407
v -0.717823 -0.258819 -0.646331
v -0.686577 -0.382683 -0.618197
v -0.643583 -0.500000 -0.579485
v -0.589577 -0.608761 -0.530857
v -0.525483 -0.707107 -0.473147
v -0.452398 -0.793353 -0.407341
v -0.371573 -0.866025 -0.334566
v -0.284389 -0.923880 -0.256065
v -0.192340 -0.965926 -0.173184
v -0.097000 -0.991445 -0.087339
v -0.076721 0.991445 -0.105598
v -0.152130 0.965926 -0.209389
v -0.224936 0.923880 -0.309598
v -0.293893 0.866025 -0.404509
v -0.357821 0.793353 -0.492499
v -0.415627 0.707107 -0.572062
v -0.466322 0.608761 -0.641837
v -0.509037 0.500000 -0.700630
v -0.543043 0.382683 -0.747435
v -0.567757 0.258819 -0.781451
v -0.582757 0.130526 -0.802096
v -0.587786 0.000000 -0.809018
v -0.582757 -0.130526 -0.802096
v -0.567757 -0.258819 -0.781451
v -0.543043 -0.382683 -0.747435
v -0.509037 -0.500000 -0.700630
v -0.466322 -0.608761 -0.641837
v -0.415627 -0.707107 -0.572062
v -0.357821 -0.793353 -0.492499
v -0.293893 -0.866025 -0.404509
v -0.224936 -0.923880 -0.309598
v -0.152130 -0.965926 -0.209389
v -0.076721 -0.991445 -0.105598
v -0.053090 0.991445 -0.119242
v -0.105271 0.965926 -0.236443
v -0.155651 0.923880 -0.349599
v -0.203368 0.866025 -0.456773
v -0.247606 0.793353 -0.556132
v -0.287606 0.707107 -0.645975
v -0.322686 0.608761 -0.724765
v -0.352244 0.500000 -0.791154
v -0.375776 0.382683 -0.844007
v -0.392878 0.258819 -0.882418
v -0.403257 0.130526 -0.905731
v -0.406737 0.000000 -0.913546
v -0.403257 -0.130526 -0.905731
v -0.392878 -0.258819 -0.882418
v -0.375776 -0.382683 -0.844007
v -0.352244 -0.500000 -0.791154
v -0.322686 -0.608761 -0.724765
v -0.287606 -0.707107 -0.645975
v -0.247606 -0.793353 -0.556132
v -0.203368 -0.866025 -0.456773
v -0.155651 -0.923880 -0.349599
v -0.105271 -0.965926 -0.236443
v -0.053090 -0.991445 -0.119242
v -0.027138 0.991445 -0.127674
v -0.053811 0.965926 -0.253163
v -0.079564 0.923880 -0.374321
v -0.103956 0.866025 -0.489074
v -0.126569 0.793353 -0.595459
v -0.147016 0.707107 -0.691655
v -0.164947 0.608761 -0.776017
v -0.180057 0.500000 -0.847102
v -0.192085 0.382683 -0.903691
v -0.200827 0.258819 -0.944819
v -0.206133 0.130526 -0.969780
v -0.207912 0.000000 -0.978149
v -0.206133 -0.130526 -0.969780
v -0.200827 -0.258819 -0.944819
v -0.192085 -0.382683 -0.903691
v -0.180057 -0.500000 -0.847102
v -0.164947 -0.608761 -0.776017
v -0.147016 -0.707107 -0.691655
v -0.126569 -0.793353 -0.595459
v -0.103956 -0.866025 -0.489074
v -0.079564 -0.923880 -0.374321
v -0.053811 -0.965926 -0.253163
v -0.027138 -0.991445 -0.127674
v 0.000000 0.965926 -0.258819
v -0.000000 0.793353 -0.608762
v -0.000000 0.707107 -0.707107
v 0.000000 0.608761 -0.793354
v 0.000000 0.500000 -0.866026
v 0.000000 -0.500000 -0.866026
v -0.000000 -0.707107 -0.707107
v -0.000000 -0.793353 -0.608762
v 0.000000 -0.965926 -0.258819
v 0.000000 -1.000000 0.000000
vn 0.0464 0.8959 -0.4418
vn 0.0691 -0.7500 -0.6578
vn 0.1043 0.0650 -0.9924
vn 0.0583 0.8301 -0.5546
vn 0.0583 -0.8301 -0.5546
vn 0.1043 -0.0650 -0.9924
vn 0.0691 0.7500 -0.6578
vn 0.0464 -0.8959 -0.4418
vn 0.1025 -0.1941 -0.9756
vn 0.0788 0.6573 -0.7495
vn 0.0338 -0.9464 -0.3213
vn 0.0990 -0.3199 -0.9423
vn 0.0871 0.5535 -0.8283
vn 0.0205 -0.9806 -0.1950
vn 0.0069 0.9978 -0.0654
vn 0.0939 -0.4403 -0.8929
vn 0.0938 0.4403 -0.8929
vn 0.0069 -0.9978 -0.0654
vn 0.0205 0.9806 -0.1950
vn 0.0871 -0.5535 -0.8283
vn 0.0990 0.3199 -0.9423
vn 0.0338 0.9464 -0.3213
vn 0.0788 -0.6573 -0.7495
vn 0.1025 0.1941 -0.9756
vn 0.0606 0.9806 -0.1865
vn 0.2574 -0.5535 -0.7921
vn 0.2928 0.3199 -0.9011
vn 0.0998 0.9464 -0.3072
vn 0.2329 -0.6573 -0.7167
vn 0.3031 0.1941 -0.9330
vn 0.1373 0.8959 -0.4225
vn 0.2044 -0.7500 -0.6290
vn 0.3084 0.0650 -0.9490
vn 0.1723 0.8301 -0.5304
vn 0.1723 -0.8301 -0.5304
vn 0.3084 -0.0650 -0.9490
vn 0.2044 0.7500 -0.6290
vn 0.1373 -0.8959 -0.4225
vn 0.3031 -0.1941 -0.9330
vn 0.2329 0.6573 -0.7167
vn 0.0998 -0.9464 -0.3072
vn 0.2928 -0.3199 -0.9011
vn 0.2574 0.5535 -0.7921
vn 0.0606 -0.9806 -0.1865
vn 0.0203 0.9978 -0.0625
vn 0.2774 -0.4403 -0.8539
vn 0.2774 0.4403 -0.8539
vn 0.0203 -0.9978 -0.0625
vn 0.2788 0.8301 -0.4830
vn 0.2788 -0.8301 -0.4830
vn 0.4989 -0.0650 -0.8642
vn 0.3307 0.7500 -0.5728
vn 0.2221 -0.8959 -0.3847
vn 0.4905 -0.1941 -0.8496
vn 0.3768 0.6573 -0.6527
vn 0.1615 -0.9464 -0.2797
vn 0.4737 -0.3199 -0.8205
vn 0.4164 0.5535 -0.7213
vn 0.0981 -0.9806 -0.1698
vn 0.0329 0.9978 -0.0570
vn 0.4489 -0.4403 -0.7775
vn 0.4489 0.4403 -0.7775
vn 0.0329 -0.9978 -0.0570
vn 0.0981 0.9806 -0.1698
vn 0.4164 -0.5535 -0.7213
vn 0.4737 0.3199 -0.8205
vn 0.1615 0.9464 -0.2797
vn 0.3768 -0.6573 -0.6527
vn 0.4905 0.1941 -0.8496
vn 0.2221 0.8959 -0.3847
vn 0.3307 -0.7500 -0.5728
vn 0.4989 0.0650 -0.8642
vn 0.6340 -0.3199 -0.7041
vn 0.5573 0.5535 -0.6189
vn 0.1312 -0.9806 -0.1457
vn 0.0440 0.9978 -0.0489
vn 0.6008 -0.4403 -0.6672
vn 0.6008 0.4403 -0.6672
vn 0.0440 -0.9978 -0.0489
vn 0.1312 0.9806 -0.1457
vn 0.5573 -0.5535 -0.6189
vn 0.6340 0.3199 -0.7041
vn 0.2161 0.9464 -0.2401
vn 0.5043 -0.6573 -0.5601
vn 0.6564 0.1941 -0.7290
vn 0.2973 0.8959 -0.3301
vn 0.4426 -0.7500 -0.4915
vn 0.6677 0.0650 -0.7416
vn 0.3732 0.8301 -0.4144
vn 0.3732 -0.8301 -0.4144
vn 0.6677 -0.0650 -0.7416
vn 0.4426 0.7500 -0.4915
vn 0.2973 -0.8959 -0.3301
vn 0.6564 -0.1941 -0.7290
vn 0.5043 0.6573 -0.5601
vn 0.2161 -0.9464 -0.2401
vn 0.2613 0.9464 -0.1899
vn 0.6097 -0.6573 -0.4430
vn 0.7936 0.1941 -0.5766
vn 0.3594 0.8959 -0.2611
vn 0.5351 -0.7500 -0.3888
vn 0.8073 0.0650 -0.5865
vn 0.4512 0.8301 -0.3278
vn 0.4512 -0.8301 -0.3278
vn 0.8073 -0.0650 -0.5865
vn 0.5351 0.7500 -0.3888
vn 0.3594 -0.8959 -0.2611
vn 0.7936 -0.1941 -0.5766
vn 0.6097 0.6573 -0.4430
vn 0.2613 -0.9464 -0.1899
vn 0.7665 -0.3199 -0.5569
vn 0.6738 0.5535 -0.4896
vn 0.1587 -0.9806 -0.1153
vn 0.0532 0.9978 -0.0387
vn 0.7264 -0.4403 -0.5277
vn 0.7264 0.4403 -0.5277
vn 0.0532 -0.9978 -0.0387
vn 0.1587 0.9806 -0.1153
vn 0.6738 -0.5535 -0.4896
vn 0.7665 0.3199 -0.5569
vn 0.6042 0.7500 -0.2690
vn 0.4058 -0.8959 -0.1807
vn 0.8962 -0.1941 -0.3990
vn 0.6885 0.6573 -0.3065
vn 0.2951 -0.9464 -0.1314
vn 0.8656 -0.3199 -0.3854
vn 0.7609 0.5535 -0.3388
vn 0.1792 -0.9806 -0.0798
vn 0.0601 0.9978 -0.0267
vn 0.8202 -0.4403 -0.3652
vn 0.8202 0.4403 -0.3652
vn 0.0601 -0.9978 -0.0267
vn 0.1792 0.9806 -0.0798
vn 0.7609 -0.5535 -0.3388
vn 0.8656 0.3199 -0.3854
vn 0.2951 0.9464 -0.1314
vn 0.6885 -0.6573 -0.3065
vn 0.8962 0.1941 -0.3990
vn 0.4058 0.8959 -0.1807
vn 0.6042 -0.7500 -0.2690
vn 0.9116 0.0650 -0.4059
vn 0.5095 0.8301 -0.2268
vn 0.5095 -0.8301 -0.2268
vn 0.9116 -0.0650 -0.4059
vn 0.8782 -0.4403 -0.1867
vn 0.8782 0.4403 -0.1867
vn 0.0643 -0.9978 -0.0137
vn 0.1918 0.9806 -0.0408
vn 0.8147 -0.5535 -0.1732
vn 0.9268 0.3199 -0.1970
vn 0.3160 0.9464 -0.0672
vn 0.7372 -0.6573 -0.1567
vn 0.9596 0.1941 -0.2040
vn 0.4345 0.8959 -0.0924
vn 0.6469 -0.7500 -0.1375
vn 0.9761 0.0650 -0.2075
vn 0.5455 0.8301 -0.1159
vn 0.5455 -0.8301 -0.1159
vn 0.9761 -0.0650 -0.2075
vn 0.6469 0.7500 -0.1375
vn 0.4345 -0.8959 -0.0924
vn 0.9596 -0.1941 -0.2040
vn 0.7372 0.6573 -0.1567
vn 0.3160 -0.9464 -0.0672
vn 0.9268 -0.3199 -0.1970
vn 0.8147 0.5535 -0.1732
vn 0.1918 -0.9806 -0.0408
vn 0.0643 0.9978 -0.0137
vn 0.4442 0.8959 -0.0000
vn 0.6614 -0.7500 -0.0000
vn 0.9979 0.0650 -0.0000
vn 0.5577 0.8301 -0.0000
vn 0.5577 -0.8301 -0.0000
vn 0.9979 -0.0650 -0.0000
vn 0.6614 0.7500 -0.0000
vn 0.4442 -0.8959 -0.0000
vn 0.9810 -0.1941 -0.0000
vn 0.7536 0.6573 -0.0000
vn 0.3230 -0.9464 -0.0000
vn 0.9475 -0.3199 -0.0000
vn 0.8329 0.5535 -0.0000
vn 0.1961 -0.9806 -0.0000
vn 0.0658 0.9978 -0.0000
vn 0.8978 -0.4403 -0.0000
vn 0.8978 0.4403 -0.0000
vn 0.0658 -0.9978 -0.0000
vn 0.1961 0.9806 -0.0000
vn 0.8329 -0.5535 -0.0000
vn 0.9475 0.3199 -0.0000
vn 0.3230 0.9464 -0.0000
vn 0.7536 -0.6573 -0.0000
vn 0.9810 0.1941 -0.0000
vn 0.7372 0.6573 0.1567
vn 0.3160 -0.9464 0.0672
vn 0.9268 -0.3199 0.1970
vn 0.8147 0.5535 0.1732
vn 0.1918 -0.9806 0.0408
vn 0.0643 0.9978 0.0137
vn 0.8782 -0.4403 0.1867
vn 0.8782 0.4403 0.1867
vn 0.0643 -0.9978 0.0137
vn 0.1918 0.9806 0.0408
vn 0.8147 -0.5535 0.1732
vn 0.9268 0.3199 0.1970
vn 0.3160 0.9464 0.0672
vn 0.7372 -0.6573 0.1567
vn 0.9596 0.1941 0.2040
vn 0.4345 0.8959 0.0924
vn 0.6469 -0.7500 0.1375
vn 0.9761 0.0650 0.2075
vn 0.5455 0.8301 0.1159
vn 0.5455 -0.8301 0.1159
vn 0.9761 -0.0650 0.2075
vn 0.6469 0.7500 0.1375
vn 0.4345 -0.8959 0.0924
vn 0.9596 -0.1941 0.2040
vn 0.7609 -0.5535 0.3388
vn 0.8656 0.3199 0.3854
vn 0.2951 0.9464 0.1314
vn 0.6885 -0.6573 0.3065
vn 0.8962 0.1941 0.3990
vn 0.4058 0.8959 0.1807
vn 0.6042 -0.7500 0.2690
vn 0.9116 0.0650 0.4059
vn 0.5095 0.8301 0.2268
vn 0.5095 -0.8301 0.2268
vn 0.9116 -0.0650 0.4059
vn 0.6042 0.7500 0.2690
vn 0.4058 -0.8959 0.1807
vn 0.8962 -0.1941 0.3990
vn 0.6885 0.6573 0.3065
vn 0.2951 -0.9464 0.1314
vn 0.8656 -0.3199 0.3854
vn 0.7609 0.5535 0.3388
vn 0.1792 -0.9806 0.0798
vn 0.0601 0.9978 0.0267
vn 0.8202 -0.4403 0.3652
vn 0.8202 0.4403 0.3652
vn 0.0601 -0.9978 0.0267
vn 0.1792 0.9806 0.0798
vn 0.4512 0.8301 0.3278
vn 0.4512 -0.8301 0.3278
vn 0.8073 -0.0650 0.5865
vn 0.5351 0.7500 0.3888
vn 0.3594 -0.8959 0.2611
vn 0.7936 -0.1941 0.5766
vn 0.6097 0.6573 0.4430
vn 0.2613 -0.9464 0.1899
vn 0.7665 -0.3199 0.5569
vn 0.6738 0.5535 0.4896
vn 0.1587 -0.9806 0.1153
vn 0.0532 0.9978 0.0387
vn 0.7264 -0.4403 0.5277
vn 0.7264 0.4403 0.5277
vn 0.0532 -0.9978 0.0387
vn 0.1587 0.9806 0.1153
vn 0.6738 -0.5535 0.4896
vn 0.7665 0.3199 0.5569
vn 0.2613 0.9464 0.1899
vn 0.6097 -0.6573 0.4430
vn 0.7936 0.1941 0.5766
vn 0.3594 0.8959 0.2611
vn 0.5351 -0.7500 0.3888
vn 0.8073 0.0650 0.5865
vn 0.5573 0.5535 0.6189
vn 0.1312 -0.9806 0.1457
vn 0.0440 0.9978 0.0489
vn 0.6008 -0.4403 0.6672
vn 0.6008 0.4403 0.6672
vn 0.0440 -0.9978 0.0489
vn 0.1312 0.9806 0.1457
vn 0.5573 -0.5535 0.6189
vn 0.6340 0.3199 0.7041
vn 0.2161 0.9464 0.2401
vn 0.5043 -0.6573 0.5601
vn 0.6564 0.1941 0.7290
vn 0.2973 0.8959 0.3301
vn 0.4426 -0.7500 0.4915
vn 0.6677 0.0650 0.7416
vn 0.3732 0.8301 0.4144
vn 0.3732 -0.8301 0.4144
vn 0.6677 -0.0650 0.7416
vn 0.4426 0.7500 0.4915
vn 0.2973 -0.8959 0.3301
vn 0.6564 -0.1941 0.7290
vn 0.5043 0.6573 0.5601
vn 0.2161 -0.9464 0.2401
vn 0.6340 -0.3199 0.7041
vn 0.3768 -0.6573 0.6527
vn 0.4905 0.1941 0.8496
vn 0.2221 0.8959 0.3847
vn 0.3307 -0.7500 0.5728
vn 0.4989 0.0650 0.8642
vn 0.2788 0.8301 0.4830
vn 0.2788 -0.8301 0.4830
vn 0.4989 -0.0650 0.8642
vn 0.3307 0.7500 0.5728
vn 0.2221 -0.8959 0.3847
vn 0.4905 -0.1941 0.8496
vn 0.3768 0.6573 0.6527
vn 0.1615 -0.9464 0.2797
vn 0.4737 -0.3199 0.8205
vn 0.4164 0.5535 0.7213
vn 0.0981 -0.9806 0.1698
vn 0.0329 0.9978 0.0570
vn 0.4489 -0.4403 0.7775
vn 0.4489 0.4403 0.7775
vn 0.0329 -0.9978 0.0570
vn 0.0981 0.9806 0.1698
vn 0.4164 -0.5535 0.7213
vn 0.4737 0.3199 0.8205
vn 0.1615 0.9464 0.2797
vn 0.2044 0.7500 0.6290
vn 0.1373 -0.8959 0.4225
vn 0.3031 -0.1941 0.9330
vn 0.2329 0.6573 0.7167
vn 0.0998 -0.9464 0.3072
vn 0.2928 -0.3199 0.9011
vn 0.2574 0.5535 0.7921
vn 0.0606 -0.9806 0.1865
vn 0.0203 0.9978 0.0625
vn 0.2774 -0.4403 0.8539
vn 0.2774 0.4403 0.8539
vn 0.0203 -0.9978 0.0625
vn 0.0606 0.9806 0.1865
vn 0.2574 -0.5535 0.7921
vn 0.2928 0.3199 0.9011
vn 0.0998 0.9464 0.3072
vn 0.2329 -0.6573 0.7167
vn 0.3031 0.1941 0.9330
vn 0.1373 0.8959 0.4225
vn 0.2044 -0.7500 0.6290
vn 0.3084 0.0650 0.9490
vn 0.1723 0.8301 0.5304
vn 0.1723 -0.8301 0.5304
vn 0.3084 -0.0650 0.9490
vn 0.0938 0.4403 0.8929
vn 0.0069 -0.9978 0.0654
vn 0.0205 0.9806 0.1950
vn 0.0871 -0.5535 0.8283
vn 0.0990 0.3199 0.9423
vn 0.0338 0.9464 0.3213
vn 0.0788 -0.6573 0.7495
vn 0.1025 0.1941 0.9756
vn 0.0464 0.8959 0.4418
vn 0.0691 -0.7500 0.6578
vn 0.1043 0.0650 0.9924
vn 0.0583 0.8301 0.5546
vn 0.0583 -0.8301 0.5546
vn 0.1043 -0.0650 0.9924
vn 0.0691 0.7500 0.6578
vn 0.0464 -0.8959 0.4418
vn 0.1025 -0.1941 0.9756
vn 0.0788 0.6573 0.7495
vn 0.0338 -0.9464 0.3213
vn 0.0990 -0.3199 0.9423
vn 0.0871 0.5535 0.8283
vn 0.0205 -0.9806 0.1950
vn 0.0069 0.9978 0.0654
vn 0.0938 -0.4403 0.8929
vn -0.0691 -0.7500 0.6578
vn -0.1043 0.0650 0.9924
vn -0.0583 0.8301 0.5546
vn -0.0583 -0.8301 0.5546
vn -0.1043 -0.0650 0.9924
vn -0.0691 0.7500 0.6578
vn -0.0464 -0.8959 0.4418
vn -0.1025 -0.1941 0.9756
vn -0.0788 0.6573 0.7495
vn -0.0338 -0.9464 0.3213
vn -0.0990 -0.3199 0.9423
vn -0.0871 0.5535 0.8283
vn -0.0205 -0.9806 0.1950
vn -0.0069 0.9978 0.0654
vn -0.0938 -0.4403 0.8929
vn -0.0938 0.4403 0.8929
vn -0.0069 -0.9978 0.0654
vn -0.0205 0.9806 0.1950
vn -0.0871 -0.5535 0.8283
vn -0.0990 0.3199 0.9423
vn -0.0338 0.9464 0.3213
vn -0.0788 -0.6573 0.7495
vn -0.1025 0.1941 0.9756
vn -0.0464 0.8959 0.4418
vn -0.2329 0.6573 0.7167
vn -0.0998 -0.9464 0.3072
vn -0.2928 -0.3199 0.9011
vn -0.2574 0.5535 0.7921
vn -0.0606 -0.9806 0.1865
vn -0.0203 0.9978 0.0625
vn -0.2774 -0.4403 0.8539
vn -0.2774 0.4403 0.8539
vn -0.0203 -0.9978 0.0625
vn -0.0606 0.9806 0.1865
vn -0.2574 -0.5535 0.7921
vn -0.2928 0.3199 0.9011
vn -0.0998 0.9464 0.3072
vn -0.2329 -0.6573 0.7167
vn -0.3031 0.1941 0.9330
vn -0.1373 0.8959 0.4225
vn -0.2044 -0.7500 0.6290
vn -0.3084 0.0650 0.9490
vn -0.1723 0.8301 0.5304
vn -0.1723 -0.8301 0.5304
vn -0.3084 -0.0650 0.9490
vn -0.2044 0.7500 0.6290
vn -0.1373 -0.8959 0.4225
vn -0.3031 -0.1941 0.9330
vn -0.4737 0.3199 0.8205
vn -0.1615 0.9464 0.2797
vn -0.3768 -0.6573 0.6527
vn -0.4905 0.1941 0.8496
vn -0.2221 0.8959 0.3847
vn -0.3307 -0.7500 0.5728
vn -0.4989 0.0650 0.8642
vn -0.2788 0.8301 0.4830
vn -0.2788 -0.8301 0.4830
vn -0.4989 -0.0650 0.8642
vn -0.3307 0.7500 0.5728
vn -0.2221 -0.8959 0.3847
vn -0.4905 -0.1941 0.8496
vn -0.3768 0.6573 0.6527
vn -0.1615 -0.9464 0.2797
vn -0.4737 -0.3199 0.8205
vn -0.4164 0.5535 0.7213
vn -0.0981 -0.9806 0.1698
vn -0.0329 0.9978 0.0570
vn -0.4489 -0.4403 0.7775
vn -0.4489 0.4403 0.7775
vn -0.0329 -0.9978 0.0570
vn -0.0981 0.9806 0.1698
vn -0.4164 -0.5535 0.7213
vn -0.3732 -0.8301 0.4144
vn -0.6677 -0.0650 0.7416
vn -0.4426 0.7500 0.4915
vn -0.2973 -0.8959 0.3301
vn -0.6564 -0.1941 0.7290
vn -0.5043 0.6573 0.5601
vn -0.2161 -0.9464 0.2401
vn -0.6340 -0.3199 0.7041
vn -0.5573 0.5535 0.6189
vn -0.1312 -0.9806 0.1457
vn -0.0440 0.9978 0.0489
vn -0.6008 -0.4403 0.6672
vn -0.6008 0.4403 0.6672
vn -0.0440 -0.9978 0.0489
vn -0.1312 0.9806 0.1457
vn -0.5573 -0.5535 0.6189
vn -0.6340 0.3199 0.7041
vn -0.2161 0.9464 0.2401
vn -0.5043 -0.6573 0.5601
vn -0.6564 0.1941 0.7290
vn -0.2973 0.8959 0.3301
vn -0.4426 -0.7500 0.4915
vn -0.6677 0.0650 0.7416
vn -0.3732 0.8301 0.4144
vn -0.6738 0.5535 0.4896
vn -0.1587 -0.9806 0.1153
vn -0.0532 0.9978 0.0387
vn -0.7264 -0.4403 0.5277
vn -0.7264 0.4403 0.5277
vn -0.0532 -0.9978 0.0387
vn -0.1587 0.9806 0.1153
vn -0.6738 -0.5535 0.4896
vn -0.7665 0.3199 0.5569
vn -0.2613 0.9464 0.1899
vn -0.6097 -0.6573 0.4430
vn -0.7936 0.1941 0.5766
vn -0.3594 0.8959 0.2611
vn -0.5351 -0.7500 0.3888
vn -0.8073 0.0650 0.5865
vn -0.4512 0.8301 0.3278
vn -0.4512 -0.8301 0.3278
vn -0.8073 -0.0650 0.5865
vn -0.5351 0.7500 0.3888
vn -0.3594 -0.8959 0.2611
vn -0.7936 -0.1941 0.5766
vn -0.6097 0.6573 0.4430
vn -0.2613 -0.9464 0.1899
vn -0.7665 -0.3199 0.5569
vn -0.8962 0.1941 0.3990
vn -0.4058 0.8959 0.1807
vn -0.6042 -0.7500 0.2690
vn -0.9116 0.0650 0.4059
vn -0.5095 0.8301 0.2268
vn -0.5095 -0.8301 0.2268
vn -0.9116 -0.0650 0.4059
vn -0.6042 0.7500 0.2690
vn -0.4058 -0.8959 0.1807
vn -0.8962 -0.1941 0.3990
vn -0.6885 0.6573 0.3065
vn -0.2951 -0.9464 0.1314
vn -0.8656 -0.3199 0.3854
vn -0.7609 0.5535 0.3388
vn -0.1792 -0.9806 0.0798
vn -0.0601 0.9978 0.0267
vn -0.8202 -0.4403 0.3652
vn -0.8202 0.4403 0.3652
vn -0.0601 -0.9978 0.0267
vn -0.1792 0.9806 0.0798
vn -0.7609 -0.5535 0.3388
vn -0.8656 0.3199 0.3854
vn -0.2951 0.9464 0.1314
vn -0.6885 -0.6573 0.3065
vn -0.4345 -0.8959 0.0924
vn -0.9596 -0.1941 0.2040
vn -0.7372 0.6573 0.1567
vn -0.3160 -0.9464 0.0672
vn -0.9268 -0.3199 0.1970
vn -0.8147 0.5535 0.1732
vn -0.1918 -0.9806 0.0408
vn -0.0643 0.9978 0.0137
vn -0.8782 -0.4403 0.1867
vn -0.8782 0.4403 0.1867
vn -0.0643 -0.9978 0.0137
vn -0.1918 0.9806 0.0408
vn -0.8147 -0.5535 0.1732
vn -0.9268 0.3199 0.1970
vn -0.3160 0.9464 0.0672
vn -0.7372 -0.6573 0.1567
vn -0.9596 0.1941 0.2040
vn -0.4345 0.8959 0.0924
vn -0.6469 -0.7500 0.1375
vn -0.9761 0.0650 0.2075
vn -0.5455 0.8301 0.1159
vn -0.5455 -0.8301 0.1159
vn -0.9761 -0.0650 0.2075
vn -0.6469 0.7500 0.1375
vn -0.8978 0.4403 -0.0000
vn -0.0658 -0.9978 -0.0000
vn -0.1961 0.9806 -0.0000
vn -0.8329 -0.5535 -0.0000
vn -0.9475 0.3199 -0.0000
vn -0.3230 0.9464 -0.0000
vn -0.7536 -0.6573 -0.0000
vn -0.9810 0.1941 -0.0000
vn -0.4442 0.8959 -0.0000
vn -0.6614 -0.7500 -0.0000
vn -0.9979 0.0650 -0.0000
vn -0.5577 0.8301 -0.0000
vn -0.5577 -0.8301 -0.0000
vn -0.9979 -0.0650 -0.0000
vn -0.6614 0.7500 -0.0000
vn -0.4442 -0.8959 -0.0000
vn -0.9810 -0.1941 -0.0000
vn -0.7536 0.6573 -0.0000
vn -0.3230 -0.9464 -0.0000
vn -0.9475 -0.3199 -0.0000
vn -0.8329 0.5535 -0.0000
vn -0.1961 -0.9806 -0.0000
vn -0.0658 0.9978 -0.0000
vn -0.8978 -0.4403 -0.0000
vn -0.9761 0.0650 -0.2075
vn -0.5455 0.8301 -0.1159
vn -0.5455 -0.8301 -0.1159
vn -0.9761 -0.0650 -0.2075
vn -0.6469 0.7500 -0.1375
vn -0.4345 -0.8959 -0.0924
vn -0.9596 -0.1941 -0.2040
vn -0.7372 0.6573 -0.1567
vn -0.3160 -0.9464 -0.0672
vn -0.9268 -0.3199 -0.1970
vn -0.8147 0.5535 -0.1732
vn -0.1918 -0.9806 -0.0408
vn -0.0643 0.9978 -0.0137
vn -0.8782 -0.4403 -0.1867
vn -0.8782 0.4403 -0.1867
vn -0.0643 -0.9978 -0.0137
vn -0.1918 0.9806 -0.0408
vn -0.8147 -0.5535 -0.1732
vn -0.9268 0.3199 -0.1970
vn -0.3160 0.9464 -0.0672
vn -0.7372 -0.6573 -0.1567
vn -0.9596 0.1941 -0.2040
vn -0.4345 0.8959 -0.0924
vn -0.6469 -0.7500 -0.1375
vn -0.2951 -0.9464 -0.1314
vn -0.8656 -0.3199 -0.3854
vn -0.7609 0.5535 -0.3388
vn -0.1792 -0.9806 -0.0798
vn -0.0601 0.9978 -0.0267
vn -0.8202 -0.4403 -0.3652
vn -0.8202 0.4403 -0.3652
vn -0.0601 -0.9978 -0.0267
vn -0.1792 0.9806 -0.0798
vn -0.7609 -0.5535 -0.3388
vn -0.8656 0.3199 -0.3854
vn -0.2951 0.9464 -0.1314
vn -0.6885 -0.6573 -0.3065
vn -0.8962 0.1941 -0.3990
vn -0.4058 0.8959 -0.1807
vn -0.6042 -0.7500 -0.2690
vn -0.9116 0.0650 -0.4059
vn -0.5095 0.8301 -0.2268
vn -0.5095 -0.8301 -0.2268
vn -0.9116 -0.0650 -0.4059
vn -0.6042 0.7500 -0.2690
vn -0.4058 -0.8959 -0.1807
vn -0.8962 -0.1941 -0.3990
vn -0.6885 0.6573 -0.3065
vn -0.7665 0.3199 -0.5569
vn -0.2613 0.9464 -0.1899
vn -0.6097 -0.6573 -0.4430
vn -0.7936 0.1941 -0.5766
vn -0.3594 0.8959 -0.2611
vn -0.5351 -0.7500 -0.3888
vn -0.8073 0.0650 -0.5865
vn -0.4512 0.8301 -0.3278
vn -0.4512 -0.8301 -0.3278
vn -0.8073 -0.0650 -0.5865
vn -0.5351 0.7500 -0.3888
vn -0.3594 -0.8959 -0.2611
vn -0.7936 -0.1941 -0.5766
vn -0.6097 0.6573 -0.4430
vn -0.2613 -0.9464 -0.1899
vn -0.7665 -0.3199 -0.5569
vn -0.6738 0.5535 -0.4896
vn -0.1587 -0.9806 -0.1153
vn -0.0532 0.9978 -0.0387
vn -0.7264 -0.4403 -0.5277
vn -0.7264 0.4403 -0.5277
vn -0.0532 -0.9978 -0.0387
vn -0.1587 0.9806 -0.1153
vn -0.6738 -0.5535 -0.4896
vn -0.6677 -0.0650 -0.7416
vn -0.4426 0.7500 -0.4915
vn -0.2973 -0.8959 -0.3301
vn -0.6564 -0.1941 -0.7290
vn -0.5043 0.6573 -0.5601
vn -0.2161 -0.9464 -0.2401
vn -0.6340 -0.3199 -0.7041
vn -0.5573 0.5535 -0.6189
vn -0.1312 -0.9806 -0.1457
vn -0.0440 0.9978 -0.0489
vn -0.6008 -0.4403 -0.6672
vn -0.6008 0.4403 -0.6672
vn -0.0440 -0.9978 -0.0489
vn -0.1312 0.9806 -0.1457
vn -0.5573 -0.5535 -0.6189
vn -0.6340 0.3199 -0.7041
vn -0.2161 0.9464 -0.2401
vn -0.5043 -0.6573 -0.5601
vn -0.6564 0.1941 -0.7290
vn -0.2973 0.8959 -0.3301
vn -0.4426 -0.7500 -0.4915
vn -0.6677 0.0650 -0.7416
vn -0.3732 0.8301 -0.4144
vn -0.3732 -0.8301 -0.4144
vn -0.0981 -0.9806 -0.1698
vn -0.0329 0.9978 -0.0570
vn -0.4489 -0.4403 -0.7775
vn -0.4489 0.4403 -0.7775
vn -0.0329 -0.9978 -0.0570
vn -0.0981 0.9806 -0.1698
vn -0.4164 -0.5535 -0.7213
vn -0.4737 0.3199 -0.8205
vn -0.1615 0.9464 -0.2797
vn -0.3768 -0.6573 -0.6527
vn -0.4905 0.1941 -0.8496
vn -0.2221 0.8959 -0.3847
vn -0.3307 -0.7500 -0.5728
vn -0.4989 0.0650 -0.8642
vn -0.2788 0.8301 -0.4830
vn -0.2788 -0.8301 -0.4830
vn -0.4989 -0.0650 -0.8642
vn -0.3307 0.7500 -0.5728
vn -0.2221 -0.8959 -0.3847
vn -0.4905 -0.1941 -0.8496
vn -0.3768 0.6573 -0.6527
vn -0.1615 -0.9464 -0.2797
vn -0.4737 -0.3199 -0.8205
vn -0.4164 0.5535 -0.7213
vn -0.3031 0.1941 -0.9330
vn -0.1373 0.8959 -0.4225
vn -0.2044 -0.7500 -0.6290
vn -0.3084 0.0650 -0.9490
vn -0.1723 0.8301 -0.5304
vn -0.1723 -0.8301 -0.5304
vn -0.3084 -0.0650 -0.9490
vn -0.2044 0.7500 -0.6290
vn -0.1373 -0.8959 -0.4225
vn -0.3031 -0.1941 -0.9330
vn -0.2329 0.6573 -0.7167
vn -0.0998 -0.9464 -0.3072
vn -0.2928 -0.3199 -0.9011
vn -0.2574 0.5535 -0.7921
vn -0.0606 -0.9806 -0.1865
vn -0.0203 0.9978 -0.0625
vn -0.2774 -0.4403 -0.8539
vn -0.2774 0.4403 -0.8539
vn -0.0203 -0.9978 -0.0625
vn -0.0606 0.9806 -0.1865
vn -0.2574 -0.5535 -0.7921
vn -0.2928 0.3199 -0.9011
vn -0.0998 0.9464 -0.3072
vn -0.2329 -0.6573 -0.7167
vn -0.1025 -0.1941 -0.9756
vn -0.0788 0.6573 -0.7495
vn -0.0338 -0.9464 -0.3213
vn -0.0990 -0.3199 -0.9423
vn -0.0871 0.5535 -0.8283
vn -0.0205 -0.9806 -0.1950
vn -0.0069 0.9978 -0.0654
vn -0.0938 -0.4403 -0.8929
vn -0.0938 0.4403 -0.8929
vn -0.0069 -0.9978 -0.0654
vn -0.0205 0.9806 -0.1950
vn -0.0871 -0.5535 -0.8283
vn -0.0990 0.3199 -0.9423
vn -0.0338 0.9464 -0.3213
vn -0.0788 -0.6573 -0.7495
vn -0.1025 0.1941 -0.9756
vn -0.0464 0.8959 -0.4418
vn -0.0691 -0.7500 -0.6578
vn -0.1043 0.0650 -0.9924
vn -0.0583 0.8301 -0.5546
vn -0.0583 -0.8301 -0.5546
vn -0.1043 -0.0650 -0.9924
vn -0.0691 0.7500 -0.6578
vn -0.0464 -0.8959 -0.4418
vn 0.0938 -0.4403 -0.8929
vn 0.0939 0.4403 -0.8929
vt 0.733333 0.875000
vt 0.700000 0.833333
vt 0.733333 0.833333
vt 0.733333 0.208333
vt 0.700000 0.250000
vt 0.700000 0.208333
vt 0.733333 0.541667
vt 0.700000 0.500000
vt 0.733333 0.500000
vt 0.700000 0.791667
vt 0.733333 0.791667
vt 0.733333 0.166667
vt 0.700000 0.166667
vt 0.700000 0.458333
vt 0.733333 0.458333
vt 0.700000 0.750000
vt 0.733333 0.750000
vt 0.700000 0.125000
vt 0.733333 0.125000
vt 0.700000 0.416667
vt 0.733333 0.416667
vt 0.700000 0.708333
vt 0.733333 0.708333
vt 0.733333 0.083333
vt 0.700000 0.083333
vt 0.733333 0.375000
vt 0.700000 0.375000
vt 0.700000 0.666667
vt 0.733333 0.666667
vt 0.733333 0.041667
vt 0.700000 0.041667
vt 0.733333 0.958333
vt 0.716667 1.000000
vt 0.700000 0.958333
vt 0.733333 0.333333
vt 0.700000 0.333333
vt 0.700000 0.625000
vt 0.733333 0.625000
vt 0.716667 0.000000
vt 0.700000 0.916667
vt 0.733333 0.916667
vt 0.733333 0.291667
vt 0.700000 0.291667
vt 0.700000 0.583333
vt 0.733333 0.583333
vt 0.700000 0.875000
vt 0.733333 0.250000
vt 0.700000 0.541667
vt 0.666667 0.916667
vt 0.666667 0.291667
vt 0.666667 0.583333
vt 0.666667 0.875000
vt 0.666667 0.250000
vt 0.666667 0.541667
vt 0.666667 0.833333
vt 0.666667 0.208333
vt 0.666667 0.500000
vt 0.666667 0.791667
vt 0.666667 0.166667
vt 0.666667 0.458333
vt 0.666667 0.750000
vt 0.666667 0.125000
vt 0.666667 0.416667
vt 0.666667 0.708333
vt 0.666667 0.083333
vt 0.666667 0.375000
vt 0.666667 0.666667
vt 0.666667 0.041667
vt 0.683333 1.000000
vt 0.666667 0.958333
vt 0.666667 0.333333
vt 0.666667 0.625000
vt 0.683333 0.000000
vt 0.633333 0.791667
vt 0.633333 0.166667
vt 0.633333 0.500000
vt 0.633333 0.458333
vt 0.633333 0.750000
vt 0.633333 0.125000
vt 0.633333 0.416667
vt 0.633333 0.708333
vt 0.633333 0.083333
vt 0.633333 0.375000
vt 0.633333 0.666667
vt 0.633333 0.041667
vt 0.650000 1.000000
vt 0.633333 0.958333
vt 0.633333 0.333333
vt 0.633333 0.625000
vt 0.650000 0.000000
vt 0.633333 0.916667
vt 0.633333 0.291667
vt 0.633333 0.583333
vt 0.633333 0.875000
vt 0.633333 0.250000
vt 0.633333 0.541667
vt 0.633333 0.833333
vt 0.633333 0.208333
vt 0.600000 0.375000
vt 0.600000 0.666667
vt 0.600000 0.041667
vt 0.616667 1.000000
vt 0.600000 0.958333
vt 0.600000 0.333333
vt 0.600000 0.625000
vt 0.616667 0.000000
vt 0.600000 0.916667
vt 0.600000 0.291667
vt 0.600000 0.583333
vt 0.600000 0.875000
vt 0.600000 0.250000
vt 0.600000 0.541667
vt 0.600000 0.833333
vt 0.600000 0.208333
vt 0.600000 0.500000
vt 0.600000 0.791667
vt 0.600000 0.166667
vt 0.600000 0.458333
vt 0.600000 0.750000
vt 0.600000 0.125000
vt 0.600000 0.416667
vt 0.600000 0.708333
vt 0.600000 0.083333
vt 0.566667 0.916667
vt 0.566667 0.875000
vt 0.566667 0.250000
vt 0.566667 0.541667
vt 0.566667 0.833333
vt 0.566667 0.208333
vt 0.566667 0.500000
vt 0.566667 0.791667
vt 0.566667 0.166667
vt 0.566667 0.458333
vt 0.566667 0.750000
vt 0.566667 0.125000
vt 0.566667 0.416667
vt 0.566667 0.708333
vt 0.566667 0.083333
vt 0.566667 0.375000
vt 0.566667 0.666667
vt 0.566667 0.041667
vt 0.583333 1.000000
vt 0.566667 0.958333
vt 0.566667 0.333333
vt 0.566667 0.625000
vt 0.583333 0.000000
vt 0.566667 0.291667
vt 0.566667 0.583333
vt 0.533333 0.750000
vt 0.533333 0.125000
vt 0.533333 0.416667
vt 0.533333 0.708333
vt 0.533333 0.083333
vt 0.533333 0.375000
vt 0.533333 0.666667
vt 0.533333 0.041667
vt 0.550000 1.000000
vt 0.533333 0.958333
vt 0.533333 0.333333
vt 0.533333 0.625000
vt 0.550000 0.000000
vt 0.533333 0.916667
vt 0.533333 0.291667
vt 0.533333 0.583333
vt 0.533333 0.875000
vt 0.533333 0.250000
vt 0.533333 0.541667
vt 0.533333 0.833333
vt 0.533333 0.208333
vt 0.533333 0.500000
vt 0.533333 0.791667
vt 0.533333 0.166667
vt 0.533333 0.458333
vt 0.500000 0.375000
vt 0.500000 0.333333
vt 0.500000 0.625000
vt 0.516667 0.000000
vt 0.500000 0.041667
vt 0.500000 0.916667
vt 0.500000 0.291667
vt 0.500000 0.583333
vt 0.500000 0.875000
vt 0.500000 0.250000
vt 0.500000 0.541667
vt 0.500000 0.833333
vt 0.500000 0.208333
vt 0.500000 0.500000
vt 0.500000 0.791667
vt 0.500000 0.166667
vt 0.500000 0.458333
vt 0.500000 0.750000
vt 0.500000 0.125000
vt 0.500000 0.416667
vt 0.500000 0.708333
vt 0.500000 0.083333
vt 0.500000 0.666667
vt 0.516667 1.000000
vt 0.500000 0.958333
vt 0.466667 0.875000
vt 0.466667 0.833333
vt 0.466667 0.250000
vt 0.466667 0.208333
vt 0.466667 0.500000
vt 0.466667 0.791667
vt 0.466667 0.166667
vt 0.466667 0.458333
vt 0.466667 0.750000
vt 0.466667 0.125000
vt 0.466667 0.416667
vt 0.466667 0.708333
vt 0.466667 0.083333
vt 0.466667 0.375000
vt 0.466667 0.666667
vt 0.466667 0.041667
vt 0.483333 1.000000
vt 0.466667 0.958333
vt 0.466667 0.333333
vt 0.466667 0.625000
vt 0.483333 0.000000
vt 0.466667 0.916667
vt 0.466667 0.291667
vt 0.466667 0.583333
vt 0.466667 0.541667
vt 0.433333 0.750000
vt 0.433333 0.708333
vt 0.433333 0.125000
vt 0.433333 0.083333
vt 0.433333 0.416667
vt 0.433333 0.375000
vt 0.433333 0.666667
vt 0.433333 0.041667
vt 0.450000 1.000000
vt 0.433333 0.958333
vt 0.433333 0.333333
vt 0.433333 0.625000
vt 0.450000 0.000000
vt 0.433333 0.916667
vt 0.433333 0.291667
vt 0.433333 0.583333
vt 0.433333 0.875000
vt 0.433333 0.250000
vt 0.433333 0.541667
vt 0.433333 0.833333
vt 0.433333 0.208333
vt 0.433333 0.500000
vt 0.433333 0.791667
vt 0.433333 0.166667
vt 0.433333 0.458333
vt 0.400000 0.291667
vt 0.400000 0.583333
vt 0.400000 0.875000
vt 0.400000 0.250000
vt 0.400000 0.541667
vt 0.400000 0.833333
vt 0.400000 0.208333
vt 0.400000 0.500000
vt 0.400000 0.791667
vt 0.400000 0.166667
vt 0.400000 0.458333
vt 0.400000 0.750000
vt 0.400000 0.125000
vt 0.400000 0.416667
vt 0.400000 0.708333
vt 0.400000 0.083333
vt 0.400000 0.375000
vt 0.400000 0.666667
vt 0.400000 0.041667
vt 0.416667 1.000000
vt 0.400000 0.958333
vt 0.400000 0.333333
vt 0.400000 0.625000
vt 0.416667 0.000000
vt 0.400000 0.916667
vt 0.366667 0.791667
vt 0.366667 0.166667
vt 0.366667 0.500000
vt 0.366667 0.458333
vt 0.366667 0.750000
vt 0.366667 0.125000
vt 0.366667 0.416667
vt 0.366667 0.708333
vt 0.366667 0.083333
vt 0.366667 0.375000
vt 0.366667 0.666667
vt 0.366667 0.041667
vt 0.383333 1.000000
vt 0.366667 0.958333
vt 0.366667 0.333333
vt 0.366667 0.625000
vt 0.383333 0.000000
vt 0.366667 0.916667
vt 0.366667 0.291667
vt 0.366667 0.583333
vt 0.366667 0.875000
vt 0.366667 0.250000
vt 0.366667 0.541667
vt 0.366667 0.833333
vt 0.366667 0.208333
vt 0.333333 0.666667
vt 0.333333 0.041667
vt 0.350000 1.000000
vt 0.333333 0.958333
vt 0.333333 0.333333
vt 0.333333 0.625000
vt 0.350000 0.000000
vt 0.333333 0.916667
vt 0.333333 0.291667
vt 0.333333 0.583333
vt 0.333333 0.875000
vt 0.333333 0.250000
vt 0.333333 0.541667
vt 0.333333 0.833333
vt 0.333333 0.208333
vt 0.333333 0.500000
vt 0.333333 0.791667
vt 0.333333 0.166667
vt 0.333333 0.458333
vt 0.333333 0.750000
vt 0.333333 0.125000
vt 0.333333 0.416667
vt 0.333333 0.708333
vt 0.333333 0.083333
vt 0.333333 0.375000
vt 0.300000 0.250000
vt 0.300000 0.583333
vt 0.300000 0.541667
vt 0.300000 0.875000
vt 0.300000 0.833333
vt 0.300000 0.208333
vt 0.300000 0.500000
vt 0.300000 0.791667
vt 0.300000 0.166667
vt 0.300000 0.458333
vt 0.300000 0.750000
vt 0.300000 0.125000
vt 0.300000 0.416667
vt 0.300000 0.708333
vt 0.300000 0.083333
vt 0.300000 0.375000
vt 0.300000 0.666667
vt 0.300000 0.041667
vt 0.316667 1.000000
vt 0.300000 0.958333
vt 0.300000 0.333333
vt 0.300000 0.625000
vt 0.316667 0.000000
vt 0.300000 0.916667
vt 0.300000 0.291667
vt 0.266667 0.750000
vt 0.266667 0.125000
vt 0.266667 0.458333
vt 0.266667 0.416667
vt 0.266667 0.708333
vt 0.266667 0.083333
vt 0.266667 0.375000
vt 0.266667 0.666667
vt 0.266667 0.041667
vt 0.283333 1.000000
vt 0.266667 0.958333
vt 0.266667 0.333333
vt 0.266667 0.625000
vt 0.283333 0.000000
vt 0.266667 0.916667
vt 0.266667 0.291667
vt 0.266667 0.583333
vt 0.266667 0.875000
vt 0.266667 0.250000
vt 0.266667 0.541667
vt 0.266667 0.833333
vt 0.266667 0.208333
vt 0.266667 0.500000
vt 0.266667 0.791667
vt 0.266667 0.166667
vt 0.233333 0.625000
vt 0.250000 0.000000
vt 0.233333 0.041667
vt 0.233333 0.916667
vt 0.233333 0.333333
vt 0.233333 0.291667
vt 0.233333 0.583333
vt 0.233333 0.875000
vt 0.233333 0.250000
vt 0.233333 0.541667
vt 0.233333 0.833333
vt 0.233333 0.208333
vt 0.233333 0.500000
vt 0.233333 0.791667
vt 0.233333 0.166667
vt 0.233333 0.458333
vt 0.233333 0.750000
vt 0.233333 0.125000
vt 0.233333 0.416667
vt 0.233333 0.708333
vt 0.233333 0.083333
vt 0.233333 0.375000
vt 0.233333 0.666667
vt 0.250000 1.000000
vt 0.233333 0.958333
vt 0.200000 0.250000
vt 0.200000 0.208333
vt 0.200000 0.500000
vt 0.200000 0.833333
vt 0.200000 0.791667
vt 0.200000 0.166667
vt 0.200000 0.458333
vt 0.200000 0.750000
vt 0.200000 0.125000
vt 0.200000 0.416667
vt 0.200000 0.708333
vt 0.200000 0.083333
vt 0.200000 0.375000
vt 0.200000 0.666667
vt 0.200000 0.041667
vt 0.216667 1.000000
vt 0.200000 0.958333
vt 0.200000 0.333333
vt 0.200000 0.625000
vt 0.216667 0.000000
vt 0.200000 0.916667
vt 0.200000 0.291667
vt 0.200000 0.583333
vt 0.200000 0.875000
vt 0.200000 0.541667
vt 0.166667 0.750000
vt 0.166667 0.708333
vt 0.166667 0.125000
vt 0.166667 0.083333
vt 0.166667 0.375000
vt 0.166667 0.666667
vt 0.166667 0.041667
vt 0.183333 1.000000
vt 0.166667 0.958333
vt 0.166667 0.333333
vt 0.166667 0.625000
vt 0.183333 0.000000
vt 0.166667 0.916667
vt 0.166667 0.291667
vt 0.166667 0.583333
vt 0.166667 0.875000
vt 0.166667 0.250000
vt 0.166667 0.541667
vt 0.166667 0.833333
vt 0.166667 0.208333
vt 0.166667 0.500000
vt 0.166667 0.791667
vt 0.166667 0.166667
vt 0.166667 0.458333
vt 0.166667 0.416667
vt 0.133333 0.583333
vt 0.133333 0.916667
vt 0.133333 0.875000
vt 0.133333 0.250000
vt 0.133333 0.541667
vt 0.133333 0.833333
vt 0.133333 0.208333
vt 0.133333 0.500000
vt 0.133333 0.791667
vt 0.133333 0.166667
vt 0.133333 0.458333
vt 0.133333 0.750000
vt 0.133333 0.125000
vt 0.133333 0.416667
vt 0.133333 0.708333
vt 0.133333 0.083333
vt 0.133333 0.375000
vt 0.133333 0.666667
vt 0.133333 0.041667
vt 0.150000 1.000000
vt 0.133333 0.958333
vt 0.133333 0.333333
vt 0.133333 0.625000
vt 0.150000 0.000000
vt 0.133333 0.291667
vt 0.100000 0.208333
vt 0.100000 0.166667
vt 0.100000 0.458333
vt 0.100000 0.750000
vt 0.100000 0.125000
vt 0.100000 0.416667
vt 0.100000 0.708333
vt 0.100000 0.083333
vt 0.100000 0.375000
vt 0.100000 0.666667
vt 0.100000 0.041667
vt 0.116667 1.000000
vt 0.100000 0.958333
vt 0.100000 0.333333
vt 0.100000 0.625000
vt 0.116667 0.000000
vt 0.100000 0.916667
vt 0.100000 0.291667
vt 0.100000 0.583333
vt 0.100000 0.875000
vt 0.100000 0.250000
vt 0.100000 0.541667
vt 0.100000 0.833333
vt 0.100000 0.500000
vt 0.100000 0.791667
vt 0.066667 0.708333
vt 0.066667 0.666667
vt 0.066667 0.041667
vt 0.083333 1.000000
vt 0.066667 0.958333
vt 0.066667 0.333333
vt 0.066667 0.625000
vt 0.083333 0.000000
vt 0.066667 0.916667
vt 0.066667 0.291667
vt 0.066667 0.583333
vt 0.066667 0.875000
vt 0.066667 0.250000
vt 0.066667 0.541667
vt 0.066667 0.833333
vt 0.066667 0.208333
vt 0.066667 0.500000
vt 0.066667 0.791667
vt 0.066667 0.166667
vt 0.066667 0.458333
vt 0.066667 0.750000
vt 0.066667 0.125000
vt 0.066667 0.416667
vt 0.066667 0.083333
vt 0.066667 0.375000
vt 0.033333 0.541667
vt 0.033333 0.875000
vt 0.033333 0.833333
vt 0.033333 0.250000
vt 0.033333 0.208333
vt 0.033333 0.500000
vt 0.033333 0.791667
vt 0.033333 0.166667
vt 0.033333 0.458333
vt 0.033333 0.750000
vt 0.033333 0.125000
vt 0.033333 0.416667
vt 0.033333 0.708333
vt 0.033333 0.083333
vt 0.033333 0.375000
vt 0.033333 0.666667
vt 0.033333 0.041667
vt 0.050000 1.000000
vt 0.033333 0.958333
vt 0.033333 0.333333
vt 0.033333 0.625000
vt 0.050000 0.000000
vt 0.033333 0.916667
vt 0.033333 0.291667
vt 0.033333 0.583333
vt 0.000000 0.125000
vt 0.000000 0.458333
vt 0.000000 0.416667
vt 0.000000 0.750000
vt 0.000000 0.708333
vt 0.000000 0.083333
vt 0.000000 0.375000
vt 0.000000 0.666667
vt 0.000000 0.041667
vt 0.016667 1.000000
vt 0.000000 0.958333
vt 0.000000 0.333333
vt 0.000000 0.625000
vt 0.016667 0.000000
vt 0.000000 0.916667
vt 0.000000 0.291667
vt 0.000000 0.583333
vt 0.000000 0.875000
vt 0.000000 0.250000
vt 0.000000 0.541667
vt 0.000000 0.833333
vt 0.000000 0.208333
vt 0.000000 0.500000
vt 0.000000 0.791667
vt 0.000000 0.166667
vt 1.000000 0.666667
vt 0.966667 0.625000
vt 1.000000 0.625000
vt 0.983333 0.000000
vt 1.000000 0.041667
vt 0.966667 0.041667
vt 1.000000 0.916667
vt 0.966667 0.958333
vt 0.966667 0.916667
vt 1.000000 0.333333
vt 0.966667 0.291667
vt 1.000000 0.291667
vt 0.966667 0.583333
vt 1.000000 0.583333
vt 0.966667 0.875000
vt 1.000000 0.875000
vt 0.966667 0.250000
vt 1.000000 0.250000
vt 0.966667 0.541667
vt 1.000000 0.541667
vt 1.000000 0.833333
vt 0.966667 0.833333
vt 1.000000 0.208333
vt 0.966667 0.208333
vt 1.000000 0.500000
vt 0.966667 0.500000
vt 0.966667 0.791667
vt 1.000000 0.791667
vt 1.000000 0.166667
vt 0.966667 0.166667
vt 0.966667 0.458333
vt 1.000000 0.458333
vt 0.966667 0.750000
vt 1.000000 0.750000
vt 0.966667 0.125000
vt 1.000000 0.125000
vt 1.000000 0.416667
vt 0.966667 0.416667
vt 1.000000 0.708333
vt 0.966667 0.708333
vt 0.966667 0.083333
vt 1.000000 0.083333
vt 1.000000 0.375000
vt 0.966667 0.375000
vt 0.966667 0.666667
vt 1.000000 0.958333
vt 0.983333 1.000000
vt 0.966667 0.333333
vt 0.933333 0.541667
vt 0.933333 0.500000
vt 0.933333 0.791667
vt 0.933333 0.208333
vt 0.933333 0.166667
vt 0.933333 0.458333
vt 0.933333 0.750000
vt 0.933333 0.125000
vt 0.933333 0.416667
vt 0.933333 0.708333
vt 0.933333 0.083333
vt 0.933333 0.375000
vt 0.933333 0.666667
vt 0.933333 0.041667
vt 0.950000 1.000000
vt 0.933333 0.958333
vt 0.933333 0.333333
vt 0.933333 0.625000
vt 0.950000 0.000000
vt 0.933333 0.916667
vt 0.933333 0.291667
vt 0.933333 0.583333
vt 0.933333 0.875000
vt 0.933333 0.250000
vt 0.933333 0.833333
vt 0.900000 0.125000
vt 0.900000 0.083333
vt 0.900000 0.375000
vt 0.900000 0.708333
vt 0.900000 0.666667
vt 0.900000 0.041667
vt 0.916667 1.000000
vt 0.900000 0.958333
vt 0.900000 0.333333
vt 0.900000 0.625000
vt 0.916667 0.000000
vt 0.900000 0.916667
vt 0.900000 0.291667
vt 0.900000 0.583333
vt 0.900000 0.875000
vt 0.900000 0.250000
vt 0.900000 0.541667
vt 0.900000 0.833333
vt 0.900000 0.208333
vt 0.900000 0.500000
vt 0.900000 0.791667
vt 0.900000 0.166667
vt 0.900000 0.458333
vt 0.900000 0.750000
vt 0.900000 0.416667
vt 0.866667 0.583333
vt 0.866667 0.875000
vt 0.866667 0.250000
vt 0.866667 0.541667
vt 0.866667 0.833333
vt 0.866667 0.208333
vt 0.866667 0.500000
vt 0.866667 0.791667
vt 0.866667 0.166667
vt 0.866667 0.458333
vt 0.866667 0.750000
vt 0.866667 0.125000
vt 0.866667 0.416667
vt 0.866667 0.708333
vt 0.866667 0.083333
vt 0.866667 0.375000
vt 0.866667 0.666667
vt 0.866667 0.041667
vt 0.883333 1.000000
vt 0.866667 0.958333
vt 0.866667 0.333333
vt 0.866667 0.625000
vt 0.883333 0.000000
vt 0.866667 0.916667
vt 0.866667 0.291667
vt 0.833333 0.458333
vt 0.833333 0.750000
vt 0.833333 0.125000
vt 0.833333 0.416667
vt 0.833333 0.708333
vt 0.833333 0.083333
vt 0.833333 0.375000
vt 0.833333 0.666667
vt 0.833333 0.041667
vt 0.850000 1.000000
vt 0.833333 0.958333
vt 0.833333 0.333333
vt 0.833333 0.625000
vt 0.850000 0.000000
vt 0.833333 0.916667
vt 0.833333 0.291667
vt 0.833333 0.583333
vt 0.833333 0.875000
vt 0.833333 0.250000
vt 0.833333 0.541667
vt 0.833333 0.833333
vt 0.833333 0.208333
vt 0.833333 0.500000
vt 0.833333 0.791667
vt 0.833333 0.166667
vt 0.800000 0.041667
vt 0.816667 1.000000
vt 0.800000 0.958333
vt 0.800000 0.375000
vt 0.800000 0.333333
vt 0.800000 0.625000
vt 0.816667 0.000000
vt 0.800000 0.916667
vt 0.800000 0.291667
vt 0.800000 0.583333
vt 0.800000 0.875000
vt 0.800000 0.250000
vt 0.800000 0.541667
vt 0.800000 0.833333
vt 0.800000 0.208333
vt 0.800000 0.500000
vt 0.800000 0.791667
vt 0.800000 0.166667
vt 0.800000 0.458333
vt 0.800000 0.750000
vt 0.800000 0.125000
vt 0.800000 0.416667
vt 0.800000 0.708333
vt 0.800000 0.083333
vt 0.800000 0.666667
vt 0.766667 0.541667
vt 0.766667 0.875000
vt 0.766667 0.833333
vt 0.766667 0.208333
vt 0.766667 0.500000
vt 0.766667 0.791667
vt 0.766667 0.166667
vt 0.766667 0.458333
vt 0.766667 0.750000
vt 0.766667 0.125000
vt 0.766667 0.416667
vt 0.766667 0.708333
vt 0.766667 0.083333
vt 0.766667 0.375000
vt 0.766667 0.666667
vt 0.766667 0.041667
vt 0.783333 1.000000
vt 0.766667 0.958333
vt 0.766667 0.333333
vt 0.766667 0.625000
vt 0.783333 0.000000
vt 0.766667 0.916667
vt 0.766667 0.291667
vt 0.766667 0.583333
vt 0.766667 0.250000
vt 0.750000 1.000000
vt 0.750000 0.000000
s 0
f 2/1/1 18/2/1 3/3/1
f 690/4/2 32/5/2 33/6/2
f 6/7/3 26/8/3 7/9/3
f 3/3/4 19/10/4 684/11/4
f 12/12/5 33/6/5 34/13/5
f 7/9/6 27/14/6 8/15/6
f 684/11/7 20/16/7 685/17/7
f 12/12/8 35/18/8 13/19/8
f 8/15/9 28/20/9 9/21/9
f 685/17/10 21/22/10 686/23/10
f 691/24/11 35/18/11 36/25/11
f 10/26/12 28/20/12 29/27/12
f 686/23/13 22/28/13 687/29/13
f 14/30/14 36/25/14 37/31/14
f 1/32/15 107/33/15 15/34/15
f 688/35/16 29/27/16 30/36/16
f 687/29/17 23/37/17 4/38/17
f 692/39/18 14/30/18 37/31/18
f 1/32/19 16/40/19 683/41/19
f 11/42/20 30/36/20 31/43/20
f 4/38/21 24/44/21 5/45/21
f 683/41/22 17/46/22 2/1/22
f 689/47/23 31/43/23 32/5/23
f 5/45/24 25/48/24 6/7/24
f 15/34/25 39/49/25 16/40/25
f 30/36/26 54/50/26 31/43/26
f 23/37/27 47/51/27 24/44/27
f 16/40/28 40/52/28 17/46/28
f 31/43/29 55/53/29 32/5/29
f 25/48/30 47/51/30 48/54/30
f 17/46/31 41/55/31 18/2/31
f 32/5/32 56/56/32 33/6/32
f 25/48/33 49/57/33 26/8/33
f 19/10/34 41/55/34 42/58/34
f 33/6/35 57/59/35 34/13/35
f 26/8/36 50/60/36 27/14/36
f 19/10/37 43/61/37 20/16/37
f 34/13/38 58/62/38 35/18/38
f 27/14/39 51/63/39 28/20/39
f 21/22/40 43/61/40 44/64/40
f 35/18/41 59/65/41 36/25/41
f 29/27/42 51/63/42 52/66/42
f 21/22/43 45/67/43 22/28/43
f 36/25/44 60/68/44 37/31/44
f 15/34/45 107/69/45 38/70/45
f 29/27/46 53/71/46 30/36/46
f 22/28/47 46/72/47 23/37/47
f 692/73/48 37/31/48 60/68/48
f 41/55/49 65/74/49 42/58/49
f 56/56/50 80/75/50 57/59/50
f 50/60/51 72/76/51 73/77/51
f 42/58/52 66/78/52 43/61/52
f 57/59/53 81/79/53 58/62/53
f 51/63/54 73/77/54 74/80/54
f 44/64/55 66/78/55 67/81/55
f 58/62/56 82/82/56 59/65/56
f 51/63/57 75/83/57 52/66/57
f 44/64/58 68/84/58 45/67/58
f 59/65/59 83/85/59 60/68/59
f 38/70/60 107/86/60 61/87/60
f 52/66/61 76/88/61 53/71/61
f 45/67/62 69/89/62 46/72/62
f 692/90/63 60/68/63 83/85/63
f 38/70/64 62/91/64 39/49/64
f 53/71/65 77/92/65 54/50/65
f 47/51/66 69/89/66 70/93/66
f 40/52/67 62/91/67 63/94/67
f 54/50/68 78/95/68 55/53/68
f 47/51/69 71/96/69 48/54/69
f 40/52/70 64/97/70 41/55/70
f 56/56/71 78/95/71 79/98/71
f 48/54/72 72/76/72 49/57/72
f 74/80/73 98/99/73 75/83/73
f 67/81/74 91/100/74 68/84/74
f 82/82/75 106/101/75 83/85/75
f 61/87/76 107/102/76 84/103/76
f 75/83/77 99/104/77 76/88/77
f 68/84/78 92/105/78 69/89/78
f 692/106/79 83/85/79 106/101/79
f 61/87/80 85/107/80 62/91/80
f 76/88/81 100/108/81 77/92/81
f 70/93/82 92/105/82 93/109/82
f 63/94/83 85/107/83 86/110/83
f 77/92/84 101/111/84 78/95/84
f 70/93/85 94/112/85 71/96/85
f 63/94/86 87/113/86 64/97/86
f 79/98/87 101/111/87 102/114/87
f 71/96/88 95/115/88 72/76/88
f 65/74/89 87/113/89 88/116/89
f 79/98/90 103/117/90 80/75/90
f 72/76/91 96/118/91 73/77/91
f 65/74/92 89/119/92 66/78/92
f 80/75/93 104/120/93 81/79/93
f 74/80/94 96/118/94 97/121/94
f 67/81/95 89/119/95 90/122/95
f 81/79/96 105/123/96 82/82/96
f 86/110/97 109/124/97 110/125/97
f 100/108/98 125/126/98 101/111/98
f 93/109/99 118/127/99 94/112/99
f 87/113/100 110/125/100 111/128/100
f 102/114/101 125/126/101 126/129/101
f 94/112/102 119/130/102 95/115/102
f 88/116/103 111/128/103 112/131/103
f 102/114/104 127/132/104 103/117/104
f 96/118/105 119/130/105 120/133/105
f 88/116/106 113/134/106 89/119/106
f 103/117/107 128/135/107 104/120/107
f 97/121/108 120/133/108 121/136/108
f 90/122/109 113/134/109 114/137/109
f 104/120/110 129/138/110 105/123/110
f 97/121/111 122/139/111 98/99/111
f 90/122/112 115/140/112 91/100/112
f 105/123/113 130/141/113 106/101/113
f 84/103/114 107/142/114 108/143/114
f 99/104/115 122/139/115 123/144/115
f 91/100/116 116/145/116 92/105/116
f 692/146/117 106/101/117 130/141/117
f 84/103/118 109/124/118 85/107/118
f 99/104/119 124/147/119 100/108/119
f 92/105/120 117/148/120 93/109/120
f 112/131/121 136/149/121 113/134/121
f 127/132/122 151/150/122 128/135/122
f 120/133/123 144/151/123 121/136/123
f 114/137/124 136/149/124 137/152/124
f 129/138/125 151/150/125 152/153/125
f 122/139/126 144/151/126 145/154/126
f 115/140/127 137/152/127 138/155/127
f 129/138/128 153/156/128 130/141/128
f 108/143/129 107/157/129 131/158/129
f 123/144/130 145/154/130 146/159/130
f 115/140/131 139/160/131 116/145/131
f 692/161/132 130/141/132 153/156/132
f 108/143/133 132/162/133 109/124/133
f 123/144/134 147/163/134 124/147/134
f 116/145/135 140/164/135 117/148/135
f 109/124/136 133/165/136 110/125/136
f 124/147/137 148/166/137 125/126/137
f 118/127/138 140/164/138 141/167/138
f 111/128/139 133/165/139 134/168/139
f 125/126/140 149/169/140 126/129/140
f 118/127/141 142/170/141 119/130/141
f 111/128/142 135/171/142 112/131/142
f 126/129/143 150/172/143 127/132/143
f 119/130/144 143/173/144 120/133/144
f 146/159/145 168/174/145 169/175/145
f 138/155/146 162/176/146 139/160/146
f 692/177/147 153/156/147 176/178/147
f 131/158/148 155/179/148 132/162/148
f 146/159/149 170/180/149 147/163/149
f 139/160/150 163/181/150 140/164/150
f 132/162/151 156/182/151 133/165/151
f 147/163/152 171/183/152 148/166/152
f 141/167/153 163/181/153 164/184/153
f 134/168/154 156/182/154 157/185/154
f 149/169/155 171/183/155 172/186/155
f 141/167/156 165/187/156 142/170/156
f 134/168/157 158/188/157 135/171/157
f 149/169/158 173/189/158 150/172/158
f 142/170/159 166/190/159 143/173/159
f 135/171/160 159/191/160 136/149/160
f 150/172/161 174/192/161 151/150/161
f 143/173/162 167/193/162 144/151/162
f 137/152/163 159/191/163 160/194/163
f 152/153/164 174/192/164 175/195/164
f 145/154/165 167/193/165 168/174/165
f 138/155/166 160/194/166 161/196/166
f 152/153/167 176/178/167 153/156/167
f 131/158/168 107/197/168 154/198/168
f 157/185/169 179/199/169 180/200/169
f 172/186/170 194/201/170 195/202/170
f 164/184/171 188/203/171 165/187/171
f 157/185/172 181/204/172 158/188/172
f 173/189/173 195/202/173 196/205/173
f 165/187/174 189/206/174 166/190/174
f 158/188/175 182/207/175 159/191/175
f 173/189/176 197/208/176 174/192/176
f 166/190/177 190/209/177 167/193/177
f 160/194/178 182/207/178 183/210/178
f 175/195/179 197/208/179 198/211/179
f 168/174/180 190/209/180 191/212/180
f 161/196/181 183/210/181 184/213/181
f 175/195/182 199/214/182 176/178/182
f 154/198/183 107/215/183 177/216/183
f 169/175/184 191/212/184 192/217/184
f 161/196/185 185/218/185 162/176/185
f 692/219/186 176/178/186 199/214/186
f 155/179/187 177/216/187 178/220/187
f 169/175/188 193/221/188 170/180/188
f 162/176/189 186/222/189 163/181/189
f 155/179/190 179/199/190 156/182/190
f 170/180/191 194/201/191 171/183/191
f 163/181/192 187/223/192 164/184/192
f 183/210/193 205/224/193 206/225/193
f 198/211/194 220/226/194 221/227/194
f 191/212/195 213/228/195 214/229/195
f 184/213/196 206/225/196 207/230/196
f 198/211/197 222/231/197 199/214/197
f 177/216/198 107/232/198 200/233/198
f 192/217/199 214/229/199 215/234/199
f 184/213/200 208/235/200 185/218/200
f 692/236/201 199/214/201 222/231/201
f 177/216/202 201/237/202 178/220/202
f 192/217/203 216/238/203 193/221/203
f 185/218/204 209/239/204 186/222/204
f 178/220/205 202/240/205 179/199/205
f 193/221/206 217/241/206 194/201/206
f 187/223/207 209/239/207 210/242/207
f 180/200/208 202/240/208 203/243/208
f 195/202/209 217/241/209 218/244/209
f 187/223/210 211/245/210 188/203/210
f 180/200/211 204/246/211 181/204/211
f 195/202/212 219/247/212 196/205/212
f 189/206/213 211/245/213 212/248/213
f 181/204/214 205/224/214 182/207/214
f 196/205/215 220/226/215 197/208/215
f 189/206/216 213/228/216 190/209/216
f 215/234/217 239/249/217 216/238/217
f 208/235/218 232/250/218 209/239/218
f 201/237/219 225/251/219 202/240/219
f 216/238/220 240/252/220 217/241/220
f 210/242/221 232/250/221 233/253/221
f 203/243/222 225/251/222 226/254/222
f 218/244/223 240/252/223 241/255/223
f 211/245/224 233/253/224 234/256/224
f 203/243/225 227/257/225 204/246/225
f 219/247/226 241/255/226 242/258/226
f 211/245/227 235/259/227 212/248/227
f 204/246/228 228/260/228 205/224/228
f 219/247/229 243/261/229 220/226/229
f 212/248/230 236/262/230 213/228/230
f 206/225/231 228/260/231 229/263/231
f 220/226/232 244/264/232 221/227/232
f 213/228/233 237/265/233 214/229/233
f 207/230/234 229/263/234 230/266/234
f 221/227/235 245/267/235 222/231/235
f 200/233/236 107/268/236 223/269/236
f 214/229/237 238/270/237 215/234/237
f 208/235/238 230/266/238 231/271/238
f 692/272/239 222/231/239 245/267/239
f 200/233/240 224/273/240 201/237/240
f 226/254/241 250/274/241 227/257/241
f 241/255/242 265/275/242 242/258/242
f 235/259/243 257/276/243 258/277/243
f 227/257/244 251/278/244 228/260/244
f 242/258/245 266/279/245 243/261/245
f 235/259/246 259/280/246 236/262/246
f 229/263/247 251/278/247 252/281/247
f 243/261/248 267/282/248 244/264/248
f 236/262/249 260/283/249 237/265/249
f 229/263/250 253/284/250 230/266/250
f 244/264/251 268/285/251 245/267/251
f 223/269/252 107/286/252 246/287/252
f 237/265/253 261/288/253 238/270/253
f 230/266/254 254/289/254 231/271/254
f 692/290/255 245/267/255 268/285/255
f 223/269/256 247/291/256 224/273/256
f 238/270/257 262/292/257 239/249/257
f 231/271/258 255/293/258 232/250/258
f 224/273/259 248/294/259 225/251/259
f 239/249/260 263/295/260 240/252/260
f 232/250/261 256/296/261 233/253/261
f 226/254/262 248/294/262 249/297/262
f 241/255/263 263/295/263 264/298/263
f 233/253/264 257/276/264 234/256/264
f 252/281/265 276/299/265 253/284/265
f 267/282/266 291/300/266 268/285/266
f 246/287/267 107/301/267 269/302/267
f 260/283/268 284/303/268 261/288/268
f 253/284/269 277/304/269 254/289/269
f 692/305/270 268/285/270 291/300/270
f 247/291/271 269/302/271 270/306/271
f 261/288/272 285/307/272 262/292/272
f 254/289/273 278/308/273 255/293/273
f 247/291/274 271/309/274 248/294/274
f 262/292/275 286/310/275 263/295/275
f 255/293/276 279/311/276 256/296/276
f 249/297/277 271/309/277 272/312/277
f 264/298/278 286/310/278 287/313/278
f 256/296/279 280/314/279 257/276/279
f 249/297/280 273/315/280 250/274/280
f 265/275/281 287/313/281 288/316/281
f 257/276/282 281/317/282 258/277/282
f 250/274/283 274/318/283 251/278/283
f 265/275/284 289/319/284 266/279/284
f 258/277/285 282/320/285 259/280/285
f 252/281/286 274/318/286 275/321/286
f 266/279/287 290/322/287 267/282/287
f 259/280/288 283/323/288 260/283/288
f 285/307/289 309/324/289 286/310/289
f 279/311/290 301/325/290 302/326/290
f 272/312/291 294/327/291 295/328/291
f 286/310/292 310/329/292 287/313/292
f 280/314/293 302/326/293 303/330/293
f 272/312/294 296/331/294 273/315/294
f 288/316/295 310/329/295 311/332/295
f 280/314/296 304/333/296 281/317/296
f 274/318/297 296/331/297 297/334/297
f 288/316/298 312/335/298 289/319/298
f 281/317/299 305/336/299 282/320/299
f 275/321/300 297/334/300 298/337/300
f 290/322/301 312/335/301 313/338/301
f 282/320/302 306/339/302 283/323/302
f 275/321/303 299/340/303 276/299/303
f 290/322/304 314/341/304 291/300/304
f 269/302/305 107/342/305 292/343/305
f 283/323/306 307/344/306 284/303/306
f 277/304/307 299/340/307 300/345/307
f 692/346/308 291/300/308 314/341/308
f 269/302/309 293/347/309 270/306/309
f 285/307/310 307/344/310 308/348/310
f 277/304/311 301/325/311 278/308/311
f 270/306/312 294/327/312 271/309/312
f 296/331/313 320/349/313 297/334/313
f 311/332/314 335/350/314 312/335/314
f 305/336/315 327/351/315 328/352/315
f 298/337/316 320/349/316 321/353/316
f 313/338/317 335/350/317 336/354/317
f 305/336/318 329/355/318 306/339/318
f 298/337/319 322/356/319 299/340/319
f 313/338/320 337/357/320 314/341/320
f 292/343/321 107/358/321 315/359/321
f 306/339/322 330/360/322 307/344/322
f 300/345/323 322/356/323 323/361/323
f 692/362/324 314/341/324 337/357/324
f 293/347/325 315/359/325 316/363/325
f 308/348/326 330/360/326 331/364/326
f 300/345/327 324/365/327 301/325/327
f 293/347/328 317/366/328 294/327/328
f 308/348/329 332/367/329 309/324/329
f 301/325/330 325/368/330 302/326/330
f 295/328/331 317/366/331 318/369/331
f 310/329/332 332/367/332 333/370/332
f 303/330/333 325/368/333 326/371/333
f 295/328/334 319/372/334 296/331/334
f 311/332/335 333/370/335 334/373/335
f 303/330/336 327/351/336 304/333/336
f 322/356/337 346/374/337 323/361/337
f 692/375/338 337/357/338 360/376/338
f 315/359/339 339/377/339 316/363/339
f 331/364/340 353/378/340 354/379/340
f 323/361/341 347/380/341 324/365/341
f 316/363/342 340/381/342 317/366/342
f 331/364/343 355/382/343 332/367/343
f 324/365/344 348/383/344 325/368/344
f 318/369/345 340/381/345 341/384/345
f 332/367/346 356/385/346 333/370/346
f 325/368/347 349/386/347 326/371/347
f 319/372/348 341/384/348 342/387/348
f 333/370/349 357/388/349 334/373/349
f 326/371/350 350/389/350 327/351/350
f 319/372/351 343/390/351 320/349/351
f 334/373/352 358/391/352 335/350/352
f 327/351/353 351/392/353 328/352/353
f 321/353/354 343/390/354 344/393/354
f 336/354/355 358/391/355 359/394/355
f 328/352/356 352/395/356 329/355/356
f 321/353/357 345/396/357 322/356/357
f 336/354/358 360/376/358 337/357/358
f 315/359/359 107/397/359 338/398/359
f 330/360/360 352/395/360 353/378/360
f 356/385/361 378/399/361 379/400/361
f 348/383/362 372/401/362 349/386/362
f 342/387/363 364/402/363 365/403/363
f 356/385/364 380/404/364 357/388/364
f 349/386/365 373/405/365 350/389/365
f 343/390/366 365/403/366 366/406/366
f 357/388/367 381/407/367 358/391/367
f 350/389/368 374/408/368 351/392/368
f 344/393/369 366/406/369 367/409/369
f 358/391/370 382/410/370 359/394/370
f 351/392/371 375/411/371 352/395/371
f 344/393/372 368/412/372 345/396/372
f 359/394/373 383/413/373 360/376/373
f 338/398/374 107/414/374 361/415/374
f 352/395/375 376/416/375 353/378/375
f 345/396/376 369/417/376 346/374/376
f 692/418/377 360/376/377 383/413/377
f 339/377/378 361/415/378 362/419/378
f 354/379/379 376/416/379 377/420/379
f 346/374/380 370/421/380 347/380/380
f 340/381/381 362/419/381 363/422/381
f 354/379/382 378/399/382 355/382/382
f 347/380/383 371/423/383 348/383/383
f 341/384/384 363/422/384 364/402/384
f 367/409/385 389/424/385 390/425/385
f 382/410/386 404/426/386 405/427/386
f 374/408/387 398/428/387 375/411/387
f 367/409/388 391/429/388 368/412/388
f 383/413/389 405/427/389 406/430/389
f 361/415/390 107/431/390 384/432/390
f 375/411/391 399/433/391 376/416/391
f 368/412/392 392/434/392 369/417/392
f 692/435/393 383/413/393 406/430/393
f 361/415/394 385/436/394 362/419/394
f 377/420/395 399/433/395 400/437/395
f 369/417/396 393/438/396 370/421/396
f 362/419/397 386/439/397 363/422/397
f 377/420/398 401/440/398 378/399/398
f 371/423/399 393/438/399 394/441/399
f 363/422/400 387/442/400 364/402/400
f 378/399/401 402/443/401 379/400/401
f 372/401/402 394/441/402 395/444/402
f 364/402/403 388/445/403 365/403/403
f 380/404/404 402/443/404 403/446/404
f 372/401/405 396/447/405 373/405/405
f 365/403/406 389/424/406 366/406/406
f 380/404/407 404/426/407 381/407/407
f 373/405/408 397/448/408 374/408/408
f 392/434/409 416/449/409 393/438/409
f 386/439/410 408/450/410 409/451/410
f 400/437/411 424/452/411 401/440/411
f 394/441/412 416/449/412 417/453/412
f 387/442/413 409/451/413 410/454/413
f 401/440/414 425/455/414 402/443/414
f 395/444/415 417/453/415 418/456/415
f 387/442/416 411/457/416 388/445/416
f 403/446/417 425/455/417 426/458/417
f 395/444/418 419/459/418 396/447/418
f 389/424/419 411/457/419 412/460/419
f 403/446/420 427/461/420 404/426/420
f 396/447/421 420/462/421 397/448/421
f 390/425/422 412/460/422 413/463/422
f 404/426/423 428/464/423 405/427/423
f 397/448/424 421/465/424 398/428/424
f 390/425/425 414/466/425 391/429/425
f 405/427/426 429/467/426 406/430/426
f 384/432/427 107/468/427 407/469/427
f 399/433/428 421/465/428 422/470/428
f 391/429/429 415/471/429 392/434/429
f 692/472/430 406/430/430 429/467/430
f 384/432/431 408/450/431 385/436/431
f 399/433/432 423/473/432 400/437/432
f 426/458/433 448/474/433 449/475/433
f 418/456/434 442/476/434 419/459/434
f 411/457/435 435/477/435 412/460/435
f 426/458/436 450/478/436 427/461/436
f 419/459/437 443/479/437 420/462/437
f 413/463/438 435/477/438 436/480/438
f 428/464/439 450/478/439 451/481/439
f 420/462/440 444/482/440 421/465/440
f 413/463/441 437/483/441 414/466/441
f 428/464/442 452/484/442 429/467/442
f 407/469/443 107/485/443 430/486/443
f 421/465/444 445/487/444 422/470/444
f 414/466/445 438/488/445 415/471/445
f 692/489/446 429/467/446 452/484/446
f 407/469/447 431/490/447 408/450/447
f 422/470/448 446/491/448 423/473/448
f 415/471/449 439/492/449 416/449/449
f 408/450/450 432/493/450 409/451/450
f 423/473/451 447/494/451 424/452/451
f 416/449/452 440/495/452 417/453/452
f 410/454/453 432/493/453 433/496/453
f 425/455/454 447/494/454 448/474/454
f 417/453/455 441/497/455 418/456/455
f 410/454/456 434/498/456 411/457/456
f 437/483/457 459/499/457 460/500/457
f 451/481/458 475/501/458 452/484/458
f 430/486/459 107/502/459 453/503/459
f 444/482/460 468/504/460 445/487/460
f 437/483/461 461/505/461 438/488/461
f 692/506/462 452/484/462 475/501/462
f 430/486/463 454/507/463 431/490/463
f 445/487/464 469/508/464 446/491/464
f 438/488/465 462/509/465 439/492/465
f 431/490/466 455/510/466 432/493/466
f 446/491/467 470/511/467 447/494/467
f 439/492/468 463/512/468 440/495/468
f 433/496/469 455/510/469 456/513/469
f 448/474/470 470/511/470 471/514/470
f 441/497/471 463/512/471 464/515/471
f 433/496/472 457/516/472 434/498/472
f 449/475/473 471/514/473 472/517/473
f 441/497/474 465/518/474 442/476/474
f 434/498/475 458/519/475 435/477/475
f 449/475/476 473/520/476 450/478/476
f 443/479/477 465/518/477 466/521/477
f 436/480/478 458/519/478 459/499/478
f 451/481/479 473/520/479 474/522/479
f 444/482/480 466/521/480 467/523/480
f 462/509/481 486/524/481 463/512/481
f 456/513/482 478/525/482 479/526/482
f 471/514/483 493/527/483 494/528/483
f 464/515/484 486/524/484 487/529/484
f 456/513/485 480/530/485 457/516/485
f 472/517/486 494/528/486 495/531/486
f 464/515/487 488/532/487 465/518/487
f 457/516/488 481/533/488 458/519/488
f 472/517/489 496/534/489 473/520/489
f 466/521/490 488/532/490 489/535/490
f 459/499/491 481/533/491 482/536/491
f 474/522/492 496/534/492 497/537/492
f 466/521/493 490/538/493 467/523/493
f 460/500/494 482/536/494 483/539/494
f 474/522/495 498/540/495 475/501/495
f 453/503/496 107/541/496 476/542/496
f 467/523/497 491/543/497 468/504/497
f 460/500/498 484/544/498 461/505/498
f 692/545/499 475/501/499 498/540/499
f 453/503/500 477/546/500 454/507/500
f 468/504/501 492/547/501 469/508/501
f 461/505/502 485/548/502 462/509/502
f 454/507/503 478/525/503 455/510/503
f 469/508/504 493/527/504 470/511/504
f 495/531/505 519/549/505 496/534/505
f 489/535/506 511/550/506 512/551/506
f 482/536/507 504/552/507 505/553/507
f 497/537/508 519/549/508 520/554/508
f 490/538/509 512/551/509 513/555/509
f 483/539/510 505/553/510 506/556/510
f 497/537/511 521/557/511 498/540/511
f 476/542/512 107/558/512 499/559/512
f 490/538/513 514/560/513 491/543/513
f 483/539/514 507/561/514 484/544/514
f 692/562/515 498/540/515 521/557/515
f 477/546/516 499/559/516 500/563/516
f 491/543/517 515/564/517 492/547/517
f 484/544/518 508/565/518 485/548/518
f 477/546/519 501/566/519 478/525/519
f 492/547/520 516/567/520 493/527/520
f 485/548/521 509/568/521 486/524/521
f 479/526/522 501/566/522 502/569/522
f 493/527/523 517/570/523 494/528/523
f 487/529/524 509/568/524 510/571/524
f 479/526/525 503/572/525 480/530/525
f 495/531/526 517/570/526 518/573/526
f 487/529/527 511/550/527 488/532/527
f 480/530/528 504/552/528 481/533/528
f 506/574/529 530/575/529 507/576/529
f 692/577/530 521/578/530 544/579/530
f 500/580/531 522/581/531 523/582/531
f 514/583/532 538/584/532 515/585/532
f 507/576/533 531/586/533 508/587/533
f 500/580/534 524/588/534 501/589/534
f 515/585/535 539/590/535 516/591/535
f 508/587/536 532/592/536 509/593/536
f 502/594/537 524/588/537 525/595/537
f 517/596/538 539/590/538 540/597/538
f 510/598/539 532/592/539 533/599/539
f 502/594/540 526/600/540 503/601/540
f 518/602/541 540/597/541 541/603/541
f 510/598/542 534/604/542 511/605/542
f 503/601/543 527/606/543 504/607/543
f 518/602/544 542/608/544 519/609/544
f 512/610/545 534/604/545 535/611/545
f 505/612/546 527/606/546 528/613/546
f 519/609/547 543/614/547 520/615/547
f 513/616/548 535/611/548 536/617/548
f 506/574/549 528/613/549 529/618/549
f 520/615/550 544/579/550 521/578/550
f 499/619/551 107/620/551 522/581/551
f 513/616/552 537/621/552 514/583/552
f 533/599/553 555/622/553 556/623/553
f 525/595/554 549/624/554 526/600/554
f 541/603/555 563/625/555 564/626/555
f 533/599/556 557/627/556 534/604/556
f 526/600/557 550/628/557 527/606/557
f 541/603/558 565/629/558 542/608/558
f 534/604/559 558/630/559 535/611/559
f 528/613/560 550/628/560 551/631/560
f 543/614/561 565/629/561 566/632/561
f 535/611/562 559/633/562 536/617/562
f 529/618/563 551/631/563 552/634/563
f 543/614/564 567/635/564 544/579/564
f 522/581/565 107/636/565 545/637/565
f 536/617/566 560/638/566 537/621/566
f 529/618/567 553/639/567 530/575/567
f 692/640/568 544/579/568 567/635/568
f 522/581/569 546/641/569 523/582/569
f 537/621/570 561/642/570 538/584/570
f 530/575/571 554/643/571 531/586/571
f 523/582/572 547/644/572 524/588/572
f 538/584/573 562/645/573 539/590/573
f 531/586/574 555/622/574 532/592/574
f 525/595/575 547/644/575 548/646/575
f 539/590/576 563/625/576 540/597/576
f 566/632/577 588/647/577 589/648/577
f 558/630/578 582/649/578 559/633/578
f 552/634/579 574/650/579 575/651/579
f 566/632/580 590/652/580 567/635/580
f 545/637/581 107/653/581 568/654/581
f 559/633/582 583/655/582 560/638/582
f 552/634/583 576/656/583 553/639/583
f 692/657/584 567/635/584 590/652/584
f 546/641/585 568/654/585 569/658/585
f 560/638/586 584/659/586 561/642/586
f 553/639/587 577/660/587 554/643/587
f 546/641/588 570/661/588 547/644/588
f 561/642/589 585/662/589 562/645/589
f 554/643/590 578/663/590 555/622/590
f 548/646/591 570/661/591 571/664/591
f 563/625/592 585/662/592 586/665/592
f 556/623/593 578/663/593 579/666/593
f 548/646/594 572/667/594 549/624/594
f 564/626/595 586/665/595 587/668/595
f 556/623/596 580/669/596 557/627/596
f 549/624/597 573/670/597 550/628/597
f 564/626/598 588/647/598 565/629/598
f 558/630/599 580/669/599 581/671/599
f 551/631/600 573/670/600 574/650/600
f 576/656/601 600/672/601 577/660/601
f 569/658/602 593/673/602 570/661/602
f 584/659/603 608/674/603 585/662/603
f 577/660/604 601/675/604 578/663/604
f 571/664/605 593/673/605 594/676/605
f 585/662/606 609/677/606 586/665/606
f 579/666/607 601/675/607 602/678/607
f 571/664/608 595/679/608 572/667/608
f 587/668/609 609/677/609 610/680/609
f 579/666/610 603/681/610 580/669/610
f 572/667/611 596/682/611 573/670/611
f 587/668/612 611/683/612 588/647/612
f 581/671/613 603/681/613 604/684/613
f 574/650/614 596/682/614 597/685/614
f 589/648/615 611/683/615 612/686/615
f 581/671/616 605/687/616 582/649/616
f 575/651/617 597/685/617 598/688/617
f 589/648/618 613/689/618 590/652/618
f 568/654/619 107/690/619 591/691/619
f 583/655/620 605/687/620 606/692/620
f 575/651/621 599/693/621 576/656/621
f 692/694/622 590/652/622 613/689/622
f 568/654/623 592/695/623 569/658/623
f 583/655/624 607/696/624 584/659/624
f 602/678/625 626/697/625 603/681/625
f 595/679/626 619/698/626 596/682/626
f 610/680/627 634/699/627 611/683/627
f 604/684/628 626/697/628 627/700/628
f 597/685/629 619/698/629 620/701/629
f 611/683/630 635/702/630 612/686/630
f 604/684/631 628/703/631 605/687/631
f 598/688/632 620/701/632 621/704/632
f 613/689/633 635/702/633 636/705/633
f 591/691/634 107/706/634 614/707/634
f 606/692/635 628/703/635 629/708/635
f 598/688/636 622/709/636 599/693/636
f 692/710/637 613/689/637 636/705/637
f 591/691/638 615/711/638 592/695/638
f 606/692/639 630/712/639 607/696/639
f 600/672/640 622/709/640 623/713/640
f 592/695/641 616/714/641 593/673/641
f 607/696/642 631/715/642 608/674/642
f 600/672/643 624/716/643 601/675/643
f 594/676/644 616/714/644 617/717/644
f 609/677/645 631/715/645 632/718/645
f 602/678/646 624/716/646 625/719/646
f 594/676/647 618/720/647 595/679/647
f 610/680/648 632/718/648 633/721/648
f 635/702/649 659/722/649 636/705/649
f 614/707/650 107/723/650 637/724/650
f 629/708/651 651/725/651 652/726/651
f 621/704/652 645/727/652 622/709/652
f 692/728/653 636/705/653 659/722/653
f 615/711/654 637/724/654 638/729/654
f 629/708/655 653/730/655 630/712/655
f 622/709/656 646/731/656 623/713/656
f 615/711/657 639/732/657 616/714/657
f 630/712/658 654/733/658 631/715/658
f 623/713/659 647/734/659 624/716/659
f 617/717/660 639/732/660 640/735/660
f 631/715/661 655/736/661 632/718/661
f 625/719/662 647/734/662 648/737/662
f 617/717/663 641/738/663 618/720/663
f 633/721/664 655/736/664 656/739/664
f 625/719/665 649/740/665 626/697/665
f 618/720/666 642/741/666 619/698/666
f 633/721/667 657/742/667 634/699/667
f 627/700/668 649/740/668 650/743/668
f 620/701/669 642/741/669 643/744/669
f 635/702/670 657/742/670 658/745/670
f 628/703/671 650/743/671 651/725/671
f 621/704/672 643/744/672 644/746/672
f 646/731/673 670/747/673 647/734/673
f 640/735/674 662/748/674 663/749/674
f 654/733/675 678/750/675 655/736/675
f 648/737/676 670/747/676 671/751/676
f 640/735/677 664/752/677 641/738/677
f 655/736/678 679/753/678 656/739/678
f 648/737/679 672/754/679 649/740/679
f 642/741/680 664/752/680 665/755/680
f 656/739/681 680/756/681 657/742/681
f 650/743/682 672/754/682 673/757/682
f 643/744/683 665/755/683 666/758/683
f 658/745/684 680/756/684 681/759/684
f 651/725/685 673/757/685 674/760/685
f 644/746/686 666/758/686 667/761/686
f 658/745/687 682/762/687 659/722/687
f 637/724/688 107/763/688 660/764/688
f 652/726/689 674/760/689 675/765/689
f 644/746/690 668/766/690 645/727/690
f 692/767/691 659/722/691 682/762/691
f 638/729/692 660/764/692 661/768/692
f 652/726/693 676/769/693 653/730/693
f 645/727/694 669/770/694 646/731/694
f 639/732/695 661/768/695 662/748/695
f 653/730/696 677/771/696 654/733/696
f 673/757/697 8/15/697 9/21/697
f 666/758/698 685/17/698 686/23/698
f 681/759/699 13/19/699 691/24/699
f 674/760/700 9/21/700 10/26/700
f 667/761/701 686/23/701 687/29/701
f 682/762/702 691/24/702 14/30/702
f 660/764/703 107/772/703 1/32/703
f 675/765/704 10/26/704 688/35/704
f 667/761/705 4/38/705 668/766/705
f 692/773/706 682/762/706 14/30/706
f 660/764/707 683/41/707 661/768/707
f 675/765/708 11/42/708 676/769/708
f 668/766/709 5/45/709 669/770/709
f 661/768/710 2/1/710 662/748/710
f 676/769/711 689/47/711 677/771/711
f 669/770/712 6/7/712 670/747/712
f 662/748/713 3/3/713 663/749/713
f 677/771/714 690/4/714 678/750/714
f 671/751/715 6/7/715 7/9/715
f 663/749/716 684/11/716 664/752/716
f 679/753/717 690/4/717 12/12/717
f 671/751/718 8/15/718 672/754/718
f 665/755/719 684/11/719 685/17/719
f 680/756/720 12/12/720 13/19/720
f 2/1/1 17/46/1 18/2/1
f 690/4/2 689/47/2 32/5/2
f 6/7/3 25/48/3 26/8/3
f 3/3/4 18/2/4 19/10/4
f 12/12/5 690/4/5 33/6/5
f 7/9/6 26/8/6 27/14/6
f 684/11/7 19/10/7 20/16/7
f 12/12/8 34/13/8 35/18/8
f 8/15/9 27/14/9 28/20/9
f 685/17/10 20/16/10 21/22/10
f 691/24/11 13/19/11 35/18/11
f 10/26/12 9/21/12 28/20/12
f 686/23/13 21/22/13 22/28/13
f 14/30/14 691/24/14 36/25/14
f 688/35/721 10/26/721 29/27/721
f 687/29/722 22/28/722 23/37/722
f 1/32/19 15/34/19 16/40/19
f 11/42/20 688/35/20 30/36/20
f 4/38/21 23/37/21 24/44/21
f 683/41/22 16/40/22 17/46/22
f 689/47/23 11/42/23 31/43/23
f 5/45/24 24/44/24 25/48/24
f 15/34/25 38/70/25 39/49/25
f 30/36/26 53/71/26 54/50/26
f 23/37/27 46/72/27 47/51/27
f 16/40/28 39/49/28 40/52/28
f 31/43/29 54/50/29 55/53/29
f 25/48/30 24/44/30 47/51/30
f 17/46/31 40/52/31 41/55/31
f 32/5/32 55/53/32 56/56/32
f 25/48/33 48/54/33 49/57/33
f 19/10/34 18/2/34 41/55/34
f 33/6/35 56/56/35 57/59/35
f 26/8/36 49/57/36 50/60/36
f 19/10/37 42/58/37 43/61/37
f 34/13/38 57/59/38 58/62/38
f 27/14/39 50/60/39 51/63/39
f 21/22/40 20/16/40 43/61/40
f 35/18/41 58/62/41 59/65/41
f 29/27/42 28/20/42 51/63/42
f 21/22/43 44/64/43 45/67/43
f 36/25/44 59/65/44 60/68/44
f 29/27/46 52/66/46 53/71/46
f 22/28/47 45/67/47 46/72/47
f 41/55/49 64/97/49 65/74/49
f 56/56/50 79/98/50 80/75/50
f 50/60/51 49/57/51 72/76/51
f 42/58/52 65/74/52 66/78/52
f 57/59/53 80/75/53 81/79/53
f 51/63/54 50/60/54 73/77/54
f 44/64/55 43/61/55 66/78/55
f 58/62/56 81/79/56 82/82/56
f 51/63/57 74/80/57 75/83/57
f 44/64/58 67/81/58 68/84/58
f 59/65/59 82/82/59 83/85/59
f 52/66/61 75/83/61 76/88/61
f 45/67/62 68/84/62 69/89/62
f 38/70/64 61/87/64 62/91/64
f 53/71/65 76/88/65 77/92/65
f 47/51/66 46/72/66 69/89/66
f 40/52/67 39/49/67 62/91/67
f 54/50/68 77/92/68 78/95/68
f 47/51/69 70/93/69 71/96/69
f 40/52/70 63/94/70 64/97/70
f 56/56/71 55/53/71 78/95/71
f 48/54/72 71/96/72 72/76/72
f 74/80/73 97/121/73 98/99/73
f 67/81/74 90/122/74 91/100/74
f 82/82/75 105/123/75 106/101/75
f 75/83/77 98/99/77 99/104/77
f 68/84/78 91/100/78 92/105/78
f 61/87/80 84/103/80 85/107/80
f 76/88/81 99/104/81 100/108/81
f 70/93/82 69/89/82 92/105/82
f 63/94/83 62/91/83 85/107/83
f 77/92/84 100/108/84 101/111/84
f 70/93/85 93/109/85 94/112/85
f 63/94/86 86/110/86 87/113/86
f 79/98/87 78/95/87 101/111/87
f 71/96/88 94/112/88 95/115/88
f 65/74/89 64/97/89 87/113/89
f 79/98/90 102/114/90 103/117/90
f 72/76/91 95/115/91 96/118/91
f 65/74/92 88/116/92 89/119/92
f 80/75/93 103/117/93 104/120/93
f 74/80/94 73/77/94 96/118/94
f 67/81/95 66/78/95 89/119/95
f 81/79/96 104/120/96 105/123/96
f 86/110/97 85/107/97 109/124/97
f 100/108/98 124/147/98 125/126/98
f 93/109/99 117/148/99 118/127/99
f 87/113/100 86/110/100 110/125/100
f 102/114/101 101/111/101 125/126/101
f 94/112/102 118/127/102 119/130/102
f 88/116/103 87/113/103 111/128/103
f 102/114/104 126/129/104 127/132/104
f 96/118/105 95/115/105 119/130/105
f 88/116/106 112/131/106 113/134/106
f 103/117/107 127/132/107 128/135/107
f 97/121/108 96/118/108 120/133/108
f 90/122/109 89/119/109 113/134/109
f 104/120/110 128/135/110 129/138/110
f 97/121/111 121/136/111 122/139/111
f 90/122/112 114/137/112 115/140/112
f 105/123/113 129/138/113 130/141/113
f 99/104/115 98/99/115 122/139/115
f 91/100/116 115/140/116 116/145/116
f 84/103/118 108/143/118 109/124/118
f 99/104/119 123/144/119 124/147/119
f 92/105/120 116/145/120 117/148/120
f 112/131/121 135/171/121 136/149/121
f 127/132/122 150/172/122 151/150/122
f 120/133/123 143/173/123 144/151/123
f 114/137/124 113/134/124 136/149/124
f 129/138/125 128/135/125 151/150/125
f 122/139/126 121/136/126 144/151/126
f 115/140/127 114/137/127 137/152/127
f 129/138/128 152/153/128 153/156/128
f 123/144/130 122/139/130 145/154/130
f 115/140/131 138/155/131 139/160/131
f 108/143/133 131/158/133 132/162/133
f 123/144/134 146/159/134 147/163/134
f 116/145/135 139/160/135 140/164/135
f 109/124/136 132/162/136 133/165/136
f 124/147/137 147/163/137 148/166/137
f 118/127/138 117/148/138 140/164/138
f 111/128/139 110/125/139 133/165/139
f 125/126/140 148/166/140 149/169/140
f 118/127/141 141/167/141 142/170/141
f 111/128/142 134/168/142 135/171/142
f 126/129/143 149/169/143 150/172/143
f 119/130/144 142/170/144 143/173/144
f 146/159/145 145/154/145 168/174/145
f 138/155/146 161/196/146 162/176/146
f 131/158/148 154/198/148 155/179/148
f 146/159/149 169/175/149 170/180/149
f 139/160/150 162/176/150 163/181/150
f 132/162/151 155/179/151 156/182/151
f 147/163/152 170/180/152 171/183/152
f 141/167/153 140/164/153 163/181/153
f 134/168/154 133/165/154 156/182/154
f 149/169/155 148/166/155 171/183/155
f 141/167/156 164/184/156 165/187/156
f 134/168/157 157/185/157 158/188/157
f 149/169/158 172/186/158 173/189/158
f 142/170/159 165/187/159 166/190/159
f 135/171/160 158/188/160 159/191/160
f 150/172/161 173/189/161 174/192/161
f 143/173/162 166/190/162 167/193/162
f 137/152/163 136/149/163 159/191/163
f 152/153/164 151/150/164 174/192/164
f 145/154/165 144/151/165 167/193/165
f 138/155/166 137/152/166 160/194/166
f 152/153/167 175/195/167 176/178/167
f 157/185/169 156/182/169 179/199/169
f 172/186/170 171/183/170 194/201/170
f 164/184/171 187/223/171 188/203/171
f 157/185/172 180/200/172 181/204/172
f 173/189/173 172/186/173 195/202/173
f 165/187/174 188/203/174 189/206/174
f 158/188/175 181/204/175 182/207/175
f 173/189/176 196/205/176 197/208/176
f 166/190/177 189/206/177 190/209/177
f 160/194/178 159/191/178 182/207/178
f 175/195/179 174/192/179 197/208/179
f 168/174/180 167/193/180 190/209/180
f 161/196/181 160/194/181 183/210/181
f 175/195/182 198/211/182 199/214/182
f 169/175/184 168/174/184 191/212/184
f 161/196/185 184/213/185 185/218/185
f 155/179/187 154/198/187 177/216/187
f 169/175/188 192/217/188 193/221/188
f 162/176/189 185/218/189 186/222/189
f 155/179/190 178/220/190 179/199/190
f 170/180/191 193/221/191 194/201/191
f 163/181/192 186/222/192 187/223/192
f 183/210/193 182/207/193 205/224/193
f 198/211/194 197/208/194 220/226/194
f 191/212/195 190/209/195 213/228/195
f 184/213/196 183/210/196 206/225/196
f 198/211/197 221/227/197 222/231/197
f 192/217/199 191/212/199 214/229/199
f 184/213/200 207/230/200 208/235/200
f 177/216/202 200/233/202 201/237/202
f 192/217/203 215/234/203 216/238/203
f 185/218/204 208/235/204 209/239/204
f 178/220/205 201/237/205 202/240/205
f 193/221/206 216/238/206 217/241/206
f 187/223/207 186/222/207 209/239/207
f 180/200/208 179/199/208 202/240/208
f 195/202/209 194/201/209 217/241/209
f 187/223/210 210/242/210 211/245/210
f 180/200/211 203/243/211 204/246/211
f 195/202/212 218/244/212 219/247/212
f 189/206/213 188/203/213 211/245/213
f 181/204/214 204/246/214 205/224/214
f 196/205/215 219/247/215 220/226/215
f 189/206/216 212/248/216 213/228/216
f 215/234/217 238/270/217 239/249/217
f 208/235/218 231/271/218 232/250/218
f 201/237/219 224/273/219 225/251/219
f 216/238/220 239/249/220 240/252/220
f 210/242/221 209/239/221 232/250/221
f 203/243/222 202/240/222 225/251/222
f 218/244/223 217/241/223 240/252/223
f 211/245/224 210/242/224 233/253/224
f 203/243/225 226/254/225 227/257/225
f 219/247/226 218/244/226 241/255/226
f 211/245/227 234/256/227 235/259/227
f 204/246/228 227/257/228 228/260/228
f 219/247/229 242/258/229 243/261/229
f 212/248/230 235/259/230 236/262/230
f 206/225/231 205/224/231 228/260/231
f 220/226/232 243/261/232 244/264/232
f 213/228/233 236/262/233 237/265/233
f 207/230/234 206/225/234 229/263/234
f 221/227/235 244/264/235 245/267/235
f 214/229/237 237/265/237 238/270/237
f 208/235/238 207/230/238 230/266/238
f 200/233/240 223/269/240 224/273/240
f 226/254/241 249/297/241 250/274/241
f 241/255/242 264/298/242 265/275/242
f 235/259/243 234/256/243 257/276/243
f 227/257/244 250/274/244 251/278/244
f 242/258/245 265/275/245 266/279/245
f 235/259/246 258/277/246 259/280/246
f 229/263/247 228/260/247 251/278/247
f 243/261/248 266/279/248 267/282/248
f 236/262/249 259/280/249 260/283/249
f 229/263/250 252/281/250 253/284/250
f 244/264/251 267/282/251 268/285/251
f 237/265/253 260/283/253 261/288/253
f 230/266/254 253/284/254 254/289/254
f 223/269/256 246/287/256 247/291/256
f 238/270/257 261/288/257 262/292/257
f 231/271/258 254/289/258 255/293/258
f 224/273/259 247/291/259 248/294/259
f 239/249/260 262/292/260 263/295/260
f 232/250/261 255/293/261 256/296/261
f 226/254/262 225/251/262 248/294/262
f 241/255/263 240/252/263 263/295/263
f 233/253/264 256/296/264 257/276/264
f 252/281/265 275/321/265 276/299/265
f 267/282/266 290/322/266 291/300/266
f 260/283/268 283/323/268 284/303/268
f 253/284/269 276/299/269 277/304/269
f 247/291/271 246/287/271 269/302/271
f 261/288/272 284/303/272 285/307/272
f 254/289/273 277/304/273 278/308/273
f 247/291/274 270/306/274 271/309/274
f 262/292/275 285/307/275 286/310/275
f 255/293/276 278/308/276 279/311/276
f 249/297/277 248/294/277 271/309/277
f 264/298/278 263/295/278 286/310/278
f 256/296/279 279/311/279 280/314/279
f 249/297/280 272/312/280 273/315/280
f 265/275/281 264/298/281 287/313/281
f 257/276/282 280/314/282 281/317/282
f 250/274/283 273/315/283 274/318/283
f 265/275/284 288/316/284 289/319/284
f 258/277/285 281/317/285 282/320/285
f 252/281/286 251/278/286 274/318/286
f 266/279/287 289/319/287 290/322/287
f 259/280/288 282/320/288 283/323/288
f 285/307/289 308/348/289 309/324/289
f 279/311/290 278/308/290 301/325/290
f 272/312/291 271/309/291 294/327/291
f 286/310/292 309/324/292 310/329/292
f 280/314/293 279/311/293 302/326/293
f 272/312/294 295/328/294 296/331/294
f 288/316/295 287/313/295 310/329/295
f 280/314/296 303/330/296 304/333/296
f 274/318/297 273/315/297 296/331/297
f 288/316/298 311/332/298 312/335/298
f 281/317/299 304/333/299 305/336/299
f 275/321/300 274/318/300 297/334/300
f 290/322/301 289/319/301 312/335/301
f 282/320/302 305/336/302 306/339/302
f 275/321/303 298/337/303 299/340/303
f 290/322/304 313/338/304 314/341/304
f 283/323/306 306/339/306 307/344/306
f 277/304/307 276/299/307 299/340/307
f 269/302/309 292/343/309 293/347/309
f 285/307/310 284/303/310 307/344/310
f 277/304/311 300/345/311 301/325/311
f 270/306/312 293/347/312 294/327/312
f 296/331/313 319/372/313 320/349/313
f 311/332/314 334/373/314 335/350/314
f 305/336/315 304/333/315 327/351/315
f 298/337/316 297/334/316 320/349/316
f 313/338/317 312/335/317 335/350/317
f 305/336/318 328/352/318 329/355/318
f 298/337/319 321/353/319 322/356/319
f 313/338/320 336/354/320 337/357/320
f 306/339/322 329/355/322 330/360/322
f 300/345/323 299/340/323 322/356/323
f 293/347/325 292/343/325 315/359/325
f 308/348/326 307/344/326 330/360/326
f 300/345/327 323/361/327 324/365/327
f 293/347/328 316/363/328 317/366/328
f 308/348/329 331/364/329 332/367/329
f 301/325/330 324/365/330 325/368/330
f 295/328/331 294/327/331 317/366/331
f 310/329/332 309/324/332 332/367/332
f 303/330/333 302/326/333 325/368/333
f 295/328/334 318/369/334 319/372/334
f 311/332/335 310/329/335 333/370/335
f 303/330/336 326/371/336 327/351/336
f 322/356/337 345/396/337 346/374/337
f 315/359/339 338/398/339 339/377/339
f 331/364/340 330/360/340 353/378/340
f 323/361/341 346/374/341 347/380/341
f 316/363/342 339/377/342 340/381/342
f 331/364/343 354/379/343 355/382/343
f 324/365/344 347/380/344 348/383/344
f 318/369/345 317/366/345 340/381/345
f 332/367/346 355/382/346 356/385/346
f 325/368/347 348/383/347 349/386/347
f 319/372/348 318/369/348 341/384/348
f 333/370/349 356/385/349 357/388/349
f 326/371/350 349/386/350 350/389/350
f 319/372/351 342/387/351 343/390/351
f 334/373/352 357/388/352 358/391/352
f 327/351/353 350/389/353 351/392/353
f 321/353/354 320/349/354 343/390/354
f 336/354/355 335/350/355 358/391/355
f 328/352/356 351/392/356 352/395/356
f 321/353/357 344/393/357 345/396/357
f 336/354/358 359/394/358 360/376/358
f 330/360/360 329/355/360 352/395/360
f 356/385/361 355/382/361 378/399/361
f 348/383/362 371/423/362 372/401/362
f 342/387/363 341/384/363 364/402/363
f 356/385/364 379/400/364 380/404/364
f 349/386/365 372/401/365 373/405/365
f 343/390/366 342/387/366 365/403/366
f 357/388/367 380/404/367 381/407/367
f 350/389/368 373/405/368 374/408/368
f 344/393/369 343/390/369 366/406/369
f 358/391/370 381/407/370 382/410/370
f 351/392/371 374/408/371 375/411/371
f 344/393/372 367/409/372 368/412/372
f 359/394/373 382/410/373 383/413/373
f 352/395/375 375/411/375 376/416/375
f 345/396/376 368/412/376 369/417/376
f 339/377/378 338/398/378 361/415/378
f 354/379/379 353/378/379 376/416/379
f 346/374/380 369/417/380 370/421/380
f 340/381/381 339/377/381 362/419/381
f 354/379/382 377/420/382 378/399/382
f 347/380/383 370/421/383 371/423/383
f 341/384/384 340/381/384 363/422/384
f 367/409/385 366/406/385 389/424/385
f 382/410/386 381/407/386 404/426/386
f 374/408/387 397/448/387 398/428/387
f 367/409/388 390/425/388 391/429/388
f 383/413/389 382/410/389 405/427/389
f 375/411/391 398/428/391 399/433/391
f 368/412/392 391/429/392 392/434/392
f 361/415/394 384/432/394 385/436/394
f 377/420/395 376/416/395 399/433/395
f 369/417/396 392/434/396 393/438/396
f 362/419/397 385/436/397 386/439/397
f 377/420/398 400/437/398 401/440/398
f 371/423/399 370/421/399 393/438/399
f 363/422/400 386/439/400 387/442/400
f 378/399/401 401/440/401 402/443/401
f 372/401/402 371/423/402 394/441/402
f 364/402/403 387/442/403 388/445/403
f 380/404/404 379/400/404 402/443/404
f 372/401/405 395/444/405 396/447/405
f 365/403/406 388/445/406 389/424/406
f 380/404/407 403/446/407 404/426/407
f 373/405/408 396/447/408 397/448/408
f 392/434/409 415/471/409 416/449/409
f 386/439/410 385/436/410 408/450/410
f 400/437/411 423/473/411 424/452/411
f 394/441/412 393/438/412 416/449/412
f 387/442/413 386/439/413 409/451/413
f 401/440/414 424/452/414 425/455/414
f 395/444/415 394/441/415 417/453/415
f 387/442/416 410/454/416 411/457/416
f 403/446/417 402/443/417 425/455/417
f 395/444/418 418/456/418 419/459/418
f 389/424/419 388/445/419 411/457/419
f 403/446/420 426/458/420 427/461/420
f 396/447/421 419/459/421 420/462/421
f 390/425/422 389/424/422 412/460/422
f 404/426/423 427/461/423 428/464/423
f 397/448/424 420/462/424 421/465/424
f 390/425/425 413/463/425 414/466/425
f 405/427/426 428/464/426 429/467/426
f 399/433/428 398/428/428 421/465/428
f 391/429/429 414/466/429 415/471/429
f 384/432/431 407/469/431 408/450/431
f 399/433/432 422/470/432 423/473/432
f 426/458/433 425/455/433 448/474/433
f 418/456/434 441/497/434 442/476/434
f 411/457/435 434/498/435 435/477/435
f 426/458/436 449/475/436 450/478/436
f 419/459/437 442/476/437 443/479/437
f 413/463/438 412/460/438 435/477/438
f 428/464/439 427/461/439 450/478/439
f 420/462/440 443/479/440 444/482/440
f 413/463/441 436/480/441 437/483/441
f 428/464/442 451/481/442 452/484/442
f 421/465/444 444/482/444 445/487/444
f 414/466/445 437/483/445 438/488/445
f 407/469/447 430/486/447 431/490/447
f 422/470/448 445/487/448 446/491/448
f 415/471/449 438/488/449 439/492/449
f 408/450/450 431/490/450 432/493/450
f 423/473/451 446/491/451 447/494/451
f 416/449/452 439/492/452 440/495/452
f 410/454/453 409/451/453 432/493/453
f 425/455/454 424/452/454 447/494/454
f 417/453/455 440/495/455 441/497/455
f 410/454/456 433/496/456 434/498/456
f 437/483/457 436/480/457 459/499/457
f 451/481/458 474/522/458 475/501/458
f 444/482/460 467/523/460 468/504/460
f 437/483/461 460/500/461 461/505/461
f 430/486/463 453/503/463 454/507/463
f 445/487/464 468/504/464 469/508/464
f 438/488/465 461/505/465 462/509/465
f 431/490/466 454/507/466 455/510/466
f 446/491/467 469/508/467 470/511/467
f 439/492/468 462/509/468 463/512/468
f 433/496/469 432/493/469 455/510/469
f 448/474/470 447/494/470 470/511/470
f 441/497/471 440/495/471 463/512/471
f 433/496/472 456/513/472 457/516/472
f 449/475/473 448/474/473 471/514/473
f 441/497/474 464/515/474 465/518/474
f 434/498/475 457/516/475 458/519/475
f 449/475/476 472/517/476 473/520/476
f 443/479/477 442/476/477 465/518/477
f 436/480/478 435/477/478 458/519/478
f 451/481/479 450/478/479 473/520/479
f 444/482/480 443/479/480 466/521/480
f 462/509/481 485/548/481 486/524/481
f 456/513/482 455/510/482 478/525/482
f 471/514/483 470/511/483 493/527/483
f 464/515/484 463/512/484 486/524/484
f 456/513/485 479/526/485 480/530/485
f 472/517/486 471/514/486 494/528/486
f 464/515/487 487/529/487 488/532/487
f 457/516/488 480/530/488 481/533/488
f 472/517/489 495/531/489 496/534/489
f 466/521/490 465/518/490 488/532/490
f 459/499/491 458/519/491 481/533/491
f 474/522/492 473/520/492 496/534/492
f 466/521/493 489/535/493 490/538/493
f 460/500/494 459/499/494 482/536/494
f 474/522/495 497/537/495 498/540/495
f 467/523/497 490/538/497 491/543/497
f 460/500/498 483/539/498 484/544/498
f 453/503/500 476/542/500 477/546/500
f 468/504/501 491/543/501 492/547/501
f 461/505/502 484/544/502 485/548/502
f 454/507/503 477/546/503 478/525/503
f 469/508/504 492/547/504 493/527/504
f 495/531/505 518/573/505 519/549/505
f 489/535/506 488/532/506 511/550/506
f 482/536/507 481/533/507 504/552/507
f 497/537/508 496/534/508 519/549/508
f 490/538/509 489/535/509 512/551/509
f 483/539/510 482/536/510 505/553/510
f 497/537/511 520/554/511 521/557/511
f 490/538/513 513/555/513 514/560/513
f 483/539/514 506/556/514 507/561/514
f 477/546/516 476/542/516 499/559/516
f 491/543/517 514/560/517 515/564/517
f 484/544/518 507/561/518 508/565/518
f 477/546/519 500/563/519 501/566/519
f 492/547/520 515/564/520 516/567/520
f 485/548/521 508/565/521 509/568/521
f 479/526/522 478/525/522 501/566/522
f 493/527/523 516/567/523 517/570/523
f 487/529/524 486/524/524 509/568/524
f 479/526/525 502/569/525 503/572/525
f 495/531/526 494/528/526 517/570/526
f 487/529/527 510/571/527 511/550/527
f 480/530/528 503/572/528 504/552/528
f 506/574/529 529/618/529 530/575/529
f 500/580/531 499/619/531 522/581/531
f 514/583/532 537/621/532 538/584/532
f 507/576/533 530/575/533 531/586/533
f 500/580/534 523/582/534 524/588/534
f 515/585/535 538/584/535 539/590/535
f 508/587/536 531/586/536 532/592/536
f 502/594/537 501/589/537 524/588/537
f 517/596/538 516/591/538 539/590/538
f 510/598/539 509/593/539 532/592/539
f 502/594/540 525/595/540 526/600/540
f 518/602/541 517/596/541 540/597/541
f 510/598/542 533/599/542 534/604/542
f 503/601/543 526/600/543 527/606/543
f 518/602/544 541/603/544 542/608/544
f 512/610/545 511/605/545 534/604/545
f 505/612/546 504/607/546 527/606/546
f 519/609/547 542/608/547 543/614/547
f 513/616/548 512/610/548 535/611/548
f 506/574/549 505/612/549 528/613/549
f 520/615/550 543/614/550 544/579/550
f 513/616/552 536/617/552 537/621/552
f 533/599/553 532/592/553 555/622/553
f 525/595/554 548/646/554 549/624/554
f 541/603/555 540/597/555 563/625/555
f 533/599/556 556/623/556 557/627/556
f 526/600/557 549/624/557 550/628/557
f 541/603/558 564/626/558 565/629/558
f 534/604/559 557/627/559 558/630/559
f 528/613/560 527/606/560 550/628/560
f 543/614/561 542/608/561 565/629/561
f 535/611/562 558/630/562 559/633/562
f 529/618/563 528/613/563 551/631/563
f 543/614/564 566/632/564 567/635/564
f 536/617/566 559/633/566 560/638/566
f 529/618/567 552/634/567 553/639/567
f 522/581/569 545/637/569 546/641/569
f 537/621/570 560/638/570 561/642/570
f 530/575/571 553/639/571 554/643/571
f 523/582/572 546/641/572 547/644/572
f 538/584/573 561/642/573 562/645/573
f 531/586/574 554/643/574 555/622/574
f 525/595/575 524/588/575 547/644/575
f 539/590/576 562/645/576 563/625/576
f 566/632/577 565/629/577 588/647/577
f 558/630/578 581/671/578 582/649/578
f 552/634/579 551/631/579 574/650/579
f 566/632/580 589/648/580 590/652/580
f 559/633/582 582/649/582 583/655/582
f 552/634/583 575/651/583 576/656/583
f 546/641/585 545/637/585 568/654/585
f 560/638/586 583/655/586 584/659/586
f 553/639/587 576/656/587 577/660/587
f 546/641/588 569/658/588 570/661/588
f 561/642/589 584/659/589 585/662/589
f 554/643/590 577/660/590 578/663/590
f 548/646/591 547/644/591 570/661/591
f 563/625/592 562/645/592 585/662/592
f 556/623/593 555/622/593 578/663/593
f 548/646/594 571/664/594 572/667/594
f 564/626/595 563/625/595 586/665/595
f 556/623/596 579/666/596 580/669/596
f 549/624/597 572/667/597 573/670/597
f 564/626/598 587/668/598 588/647/598
f 558/630/599 557/627/599 580/669/599
f 551/631/600 550/628/600 573/670/600
f 576/656/601 599/693/601 600/672/601
f 569/658/602 592/695/602 593/673/602
f 584/659/603 607/696/603 608/674/603
f 577/660/604 600/672/604 601/675/604
f 571/664/605 570/661/605 593/673/605
f 585/662/606 608/674/606 609/677/606
f 579/666/607 578/663/607 601/675/607
f 571/664/608 594/676/608 595/679/608
f 587/668/609 586/665/609 609/677/609
f 579/666/610 602/678/610 603/681/610
f 572/667/611 595/679/611 596/682/611
f 587/668/612 610/680/612 611/683/612
f 581/671/613 580/669/613 603/681/613
f 574/650/614 573/670/614 596/682/614
f 589/648/615 588/647/615 611/683/615
f 581/671/616 604/684/616 605/687/616
f 575/651/617 574/650/617 597/685/617
f 589/648/618 612/686/618 613/689/618
f 583/655/620 582/649/620 605/687/620
f 575/651/621 598/688/621 599/693/621
f 568/654/623 591/691/623 592/695/623
f 583/655/624 606/692/624 607/696/624
f 602/678/625 625/719/625 626/697/625
f 595/679/626 618/720/626 619/698/626
f 610/680/627 633/721/627 634/699/627
f 604/684/628 603/681/628 626/697/628
f 597/685/629 596/682/629 619/698/629
f 611/683/630 634/699/630 635/702/630
f 604/684/631 627/700/631 628/703/631
f 598/688/632 597/685/632 620/701/632
f 613/689/633 612/686/633 635/702/633
f 606/692/635 605/687/635 628/703/635
f 598/688/636 621/704/636 622/709/636
f 591/691/638 614/707/638 615/711/638
f 606/692/639 629/708/639 630/712/639
f 600/672/640 599/693/640 622/709/640
f 592/695/641 615/711/641 616/714/641
f 607/696/642 630/712/642 631/715/642
f 600/672/643 623/713/643 624/716/643
f 594/676/644 593/673/644 616/714/644
f 609/677/645 608/674/645 631/715/645
f 602/678/646 601/675/646 624/716/646
f 594/676/647 617/717/647 618/720/647
f 610/680/648 609/677/648 632/718/648
f 635/702/649 658/745/649 659/722/649
f 629/708/651 628/703/651 651/725/651
f 621/704/652 644/746/652 645/727/652
f 615/711/654 614/707/654 637/724/654
f 629/708/655 652/726/655 653/730/655
f 622/709/656 645/727/656 646/731/656
f 615/711/657 638/729/657 639/732/657
f 630/712/658 653/730/658 654/733/658
f 623/713/659 646/731/659 647/734/659
f 617/717/660 616/714/660 639/732/660
f 631/715/661 654/733/661 655/736/661
f 625/719/662 624/716/662 647/734/662
f 617/717/663 640/735/663 641/738/663
f 633/721/664 632/718/664 655/736/664
f 625/719/665 648/737/665 649/740/665
f 618/720/666 641/738/666 642/741/666
f 633/721/667 656/739/667 657/742/667
f 627/700/668 626/697/668 649/740/668
f 620/701/669 619/698/669 642/741/669
f 635/702/670 634/699/670 657/742/670
f 628/703/671 627/700/671 650/743/671
f 621/704/672 620/701/672 643/744/672
f 646/731/673 669/770/673 670/747/673
f 640/735/674 639/732/674 662/748/674
f 654/733/675 677/771/675 678/750/675
f 648/737/676 647/734/676 670/747/676
f 640/735/677 663/749/677 664/752/677
f 655/736/678 678/750/678 679/753/678
f 648/737/679 671/751/679 672/754/679
f 642/741/680 641/738/680 664/752/680
f 656/739/681 679/753/681 680/756/681
f 650/743/682 649/740/682 672/754/682
f 643/744/683 642/741/683 665/755/683
f 658/745/684 657/742/684 680/756/684
f 651/725/685 650/743/685 673/757/685
f 644/746/686 643/744/686 666/758/686
f 658/745/687 681/759/687 682/762/687
f 652/726/689 651/725/689 674/760/689
f 644/746/690 667/761/690 668/766/690
f 638/729/692 637/724/692 660/764/692
f 652/726/693 675/765/693 676/769/693
f 645/727/694 668/766/694 669/770/694
f 639/732/695 638/729/695 661/768/695
f 653/730/696 676/769/696 677/771/696
f 673/757/697 672/754/697 8/15/697
f 666/758/698 665/755/698 685/17/698
f 681/759/699 680/756/699 13/19/699
f 674/760/700 673/757/700 9/21/700
f 667/761/701 666/758/701 686/23/701
f 682/762/702 681/759/702 691/24/702
f 675/765/704 674/760/704 10/26/704
f 667/761/705 687/29/705 4/38/705
f 660/764/707 1/32/707 683/41/707
f 675/765/708 688/35/708 11/42/708
f 668/766/709 4/38/709 5/45/709
f 661/768/710 683/41/710 2/1/710
f 676/769/711 11/42/711 689/47/711
f 669/770/712 5/45/712 6/7/712
f 662/748/713 2/1/713 3/3/713
f 677/771/714 689/47/714 690/4/714
f 671/751/715 670/747/715 6/7/715
f 663/749/716 3/3/716 684/11/716
f 679/753/717 678/750/717 690/4/717
f 671/751/718 7/9/718 8/15/718
f 665/755/719 664/752/719 684/11/719
f 680/756/720 679/753/720 12/12/720
