# Blender 4.2.1 LTS
# www.blender.org
mtllib sphere.mtl
o Sphere
v 0.000000 0.297434 -0.039158
v 0.000000 0.277164 -0.114805
v 0.000000 0.259807 -0.150000
v 0.000000 0.114805 -0.277164
v 0.000000 0.077646 -0.289778
v 0.000000 0.039158 -0.297434
v 0.000000 -0.000000 -0.300000
v 0.000000 -0.039158 -0.297434
v 0.000000 -0.077646 -0.289778
v 0.000000 -0.114805 -0.277164
v 0.000000 -0.182628 -0.238006
v 0.000000 -0.259807 -0.150000
v 0.000000 -0.277164 -0.114805
v 0.000000 -0.297434 -0.039158
v 0.008141 0.297434 -0.038302
v 0.016144 0.289778 -0.075949
v 0.023869 0.277164 -0.112296
v 0.031187 0.259807 -0.146722
v 0.037971 0.238006 -0.178638
v 0.044105 0.212132 -0.207497
v 0.049484 0.182628 -0.232805
v 0.054017 0.150000 -0.254130
v 0.057626 0.114805 -0.271107
v 0.060248 0.077646 -0.283445
v 0.061840 0.039158 -0.290934
v 0.062374 -0.000000 -0.293444
v 0.061840 -0.039158 -0.290934
v 0.060248 -0.077646 -0.283445
v 0.057626 -0.114805 -0.271107
v 0.054017 -0.150000 -0.254130
v 0.049484 -0.182628 -0.232805
v 0.044105 -0.212132 -0.207496
v 0.037971 -0.238006 -0.178638
v 0.031187 -0.259807 -0.146722
v 0.023869 -0.277164 -0.112296
v 0.016144 -0.289778 -0.075949
v 0.008141 -0.297434 -0.038302
v 0.015927 0.297434 -0.035773
v 0.031581 0.289778 -0.070933
v 0.046695 0.277164 -0.104880
v 0.061010 0.259807 -0.137032
v 0.074282 0.238006 -0.166839
v 0.086282 0.212132 -0.193792
v 0.096806 0.182628 -0.217429
v 0.105673 0.150000 -0.237346
v 0.112733 0.114805 -0.253202
v 0.117863 0.077646 -0.264725
v 0.120977 0.039158 -0.271719
v 0.122021 -0.000000 -0.274064
v 0.120977 -0.039158 -0.271719
v 0.117863 -0.077646 -0.264725
v 0.112733 -0.114805 -0.253202
v 0.105673 -0.150000 -0.237346
v 0.096806 -0.182628 -0.217429
v 0.086282 -0.212132 -0.193792
v 0.074282 -0.238006 -0.166839
v 0.061010 -0.259807 -0.137032
v 0.046695 -0.277164 -0.104880
v 0.031581 -0.289778 -0.070933
v 0.015927 -0.297434 -0.035773
v 0.023016 0.297434 -0.031679
v 0.045639 0.289778 -0.062817
v 0.067481 0.277164 -0.092879
v 0.088168 0.259807 -0.121353
v 0.107346 0.238006 -0.147749
v 0.124688 0.212132 -0.171618
v 0.139896 0.182628 -0.192551
v 0.152711 0.150000 -0.210189
v 0.162913 0.114805 -0.224230
v 0.170327 0.077646 -0.234435
v 0.174827 0.039158 -0.240629
v 0.176336 -0.000000 -0.242705
v 0.174827 -0.039158 -0.240629
v 0.170327 -0.077646 -0.234435
v 0.162913 -0.114805 -0.224230
v 0.152711 -0.150000 -0.210189
v 0.139896 -0.182628 -0.192551
v 0.124688 -0.212132 -0.171618
v 0.107346 -0.238006 -0.147749
v 0.088168 -0.259807 -0.121353
v 0.067481 -0.277164 -0.092879
v 0.045639 -0.289778 -0.062817
v 0.023016 -0.297434 -0.031679
v 0.029100 0.297434 -0.026202
v 0.057702 0.289778 -0.051955
v 0.085317 0.277164 -0.076820
v 0.111472 0.259807 -0.100370
v 0.135719 0.238006 -0.122202
v 0.157645 0.212132 -0.141944
v 0.176873 0.182628 -0.159257
v 0.193075 0.150000 -0.173845
v 0.205973 0.114805 -0.185459
v 0.215347 0.077646 -0.193899
v 0.221036 0.039158 -0.199022
v 0.222943 -0.000000 -0.200739
v 0.221036 -0.039158 -0.199022
v 0.215347 -0.077646 -0.193899
v 0.205973 -0.114805 -0.185459
v 0.193075 -0.150000 -0.173845
v 0.176873 -0.182628 -0.159257
v 0.157645 -0.212132 -0.141944
v 0.135719 -0.238006 -0.122202
v 0.111472 -0.259807 -0.100369
v 0.085317 -0.277164 -0.076819
v 0.057702 -0.289778 -0.051955
v 0.029100 -0.297434 -0.026202
v 0.000000 0.300000 -0.000000
v 0.033912 0.297434 -0.019579
v 0.067243 0.289778 -0.038823
v 0.099424 0.277164 -0.057403
v 0.129904 0.259807 -0.075000
v 0.158161 0.238006 -0.091314
v 0.183712 0.212132 -0.106066
v 0.206119 0.182628 -0.119003
v 0.225000 0.150000 -0.129904
v 0.240031 0.114805 -0.138582
v 0.250955 0.077646 -0.144889
v 0.257585 0.039158 -0.148717
v 0.259808 -0.000000 -0.150000
v 0.257585 -0.039158 -0.148717
v 0.250955 -0.077646 -0.144889
v 0.240031 -0.114805 -0.138582
v 0.225000 -0.150000 -0.129904
v 0.206119 -0.182628 -0.119003
v 0.183712 -0.212132 -0.106066
v 0.158161 -0.238006 -0.091314
v 0.129904 -0.259807 -0.075000
v 0.099424 -0.277164 -0.057403
v 0.067243 -0.289778 -0.038823
v 0.033912 -0.297434 -0.019579
v 0.037241 0.297434 -0.012101
v 0.073846 0.289778 -0.023994
v 0.109186 0.277164 -0.035477
v 0.142658 0.259807 -0.046353
v 0.173690 0.238006 -0.056435
v 0.201750 0.212132 -0.065552
v 0.226357 0.182628 -0.073548
v 0.247092 0.150000 -0.080285
v 0.263599 0.114805 -0.085648
v 0.275595 0.077646 -0.089546
v 0.282876 0.039158 -0.091912
v 0.285317 -0.000000 -0.092705
v 0.282876 -0.039158 -0.091912
v 0.275595 -0.077646 -0.089546
v 0.263599 -0.114805 -0.085648
v 0.247092 -0.150000 -0.080285
v 0.226357 -0.182628 -0.073548
v 0.201750 -0.212132 -0.065552
v 0.173690 -0.238006 -0.056435
v 0.142658 -0.259807 -0.046353
v 0.109186 -0.277164 -0.035477
v 0.073846 -0.289778 -0.023994
v 0.037241 -0.297434 -0.012100
v 0.038943 0.297434 -0.004093
v 0.077220 0.289778 -0.008116
v 0.114176 0.277164 -0.012000
v 0.149178 0.259807 -0.015679
v 0.181628 0.238006 -0.019090
v 0.210970 0.212132 -0.022174
v 0.236702 0.182628 -0.024878
v 0.258384 0.150000 -0.027157
v 0.275646 0.114805 -0.028972
v 0.288191 0.077646 -0.030290
v 0.295804 0.039158 -0.031090
v 0.298357 -0.000000 -0.031358
v 0.295804 -0.039158 -0.031090
v 0.288191 -0.077646 -0.030290
v 0.275646 -0.114805 -0.028972
v 0.258384 -0.150000 -0.027157
v 0.236702 -0.182628 -0.024878
v 0.210970 -0.212132 -0.022174
v 0.181628 -0.238006 -0.019090
v 0.149178 -0.259807 -0.015679
v 0.114176 -0.277164 -0.012000
v 0.077220 -0.289778 -0.008116
v 0.038943 -0.297434 -0.004093
v 0.038943 0.297434 0.004093
v 0.077220 0.289778 0.008116
v 0.114176 0.277164 0.012000
v 0.149178 0.259807 0.015679
v 0.181628 0.238006 0.019090
v 0.210970 0.212132 0.022174
v 0.236702 0.182628 0.024878
v 0.258384 0.150000 0.027157
v 0.275646 0.114805 0.028972
v 0.288191 0.077646 0.030290
v 0.295804 0.039158 0.031090
v 0.298357 0.000000 0.031359
v 0.295804 -0.039158 0.031090
v 0.288191 -0.077646 0.030290
v 0.275646 -0.114805 0.028972
v 0.258384 -0.150000 0.027157
v 0.236702 -0.182628 0.024878
v 0.210970 -0.212132 0.022174
v 0.181628 -0.238006 0.019090
v 0.149178 -0.259807 0.015679
v 0.114176 -0.277164 0.012000
v 0.077220 -0.289778 0.008116
v 0.038943 -0.297434 0.004093
v 0.037241 0.297434 0.012100
v 0.073846 0.289778 0.023994
v 0.109186 0.277164 0.035477
v 0.142658 0.259807 0.046353
v 0.173690 0.238006 0.056435
v 0.201750 0.212132 0.065552
v 0.226357 0.182628 0.073548
v 0.247092 0.150000 0.080285
v 0.263599 0.114805 0.085648
v 0.275595 0.077646 0.089546
v 0.282876 0.039158 0.091912
v 0.285317 0.000000 0.092705
v 0.282876 -0.039158 0.091912
v 0.275595 -0.077646 0.089546
v 0.263599 -0.114805 0.085649
v 0.247092 -0.150000 0.080285
v 0.226357 -0.182628 0.073548
v 0.201750 -0.212132 0.065552
v 0.173690 -0.238006 0.056435
v 0.142658 -0.259807 0.046353
v 0.109186 -0.277164 0.035477
v 0.073846 -0.289778 0.023994
v 0.037241 -0.297434 0.012101
v 0.033912 0.297434 0.019579
v 0.067243 0.289778 0.038823
v 0.099424 0.277164 0.057403
v 0.129904 0.259807 0.075000
v 0.158161 0.238006 0.091314
v 0.183712 0.212132 0.106066
v 0.206119 0.182628 0.119003
v 0.225000 0.150000 0.129904
v 0.240031 0.114805 0.138582
v 0.250955 0.077646 0.144889
v 0.257585 0.039158 0.148717
v 0.259808 0.000000 0.150000
v 0.257585 -0.039158 0.148717
v 0.250955 -0.077646 0.144889
v 0.240031 -0.114805 0.138582
v 0.225000 -0.150000 0.129904
v 0.206119 -0.182628 0.119003
v 0.183712 -0.212132 0.106066
v 0.158161 -0.238006 0.091314
v 0.129904 -0.259807 0.075000
v 0.099424 -0.277164 0.057403
v 0.067243 -0.289778 0.038823
v 0.033912 -0.297434 0.019579
v 0.029100 0.297434 0.026202
v 0.057702 0.289778 0.051955
v 0.085317 0.277164 0.076819
v 0.111472 0.259807 0.100369
v 0.135719 0.238006 0.122202
v 0.157645 0.212132 0.141944
v 0.176873 0.182628 0.159257
v 0.193075 0.150000 0.173845
v 0.205973 0.114805 0.185459
v 0.215347 0.077646 0.193899
v 0.221036 0.039158 0.199022
v 0.222943 0.000000 0.200739
v 0.221036 -0.039158 0.199022
v 0.215347 -0.077646 0.193899
v 0.205973 -0.114805 0.185459
v 0.193075 -0.150000 0.173845
v 0.176873 -0.182628 0.159257
v 0.157645 -0.212132 0.141944
v 0.135719 -0.238006 0.122202
v 0.111472 -0.259807 0.100370
v 0.085317 -0.277164 0.076820
v 0.057702 -0.289778 0.051955
v 0.029100 -0.297434 0.026202
v 0.023016 0.297434 0.031679
v 0.045639 0.289778 0.062817
v 0.067481 0.277164 0.092879
v 0.088168 0.259807 0.121353
v 0.107346 0.238006 0.147750
v 0.124688 0.212132 0.171618
v 0.139896 0.182628 0.192551
v 0.152711 0.150000 0.210189
v 0.162913 0.114805 0.224230
v 0.170327 0.077646 0.234435
v 0.174827 0.039158 0.240629
v 0.176336 0.000000 0.242705
v 0.174827 -0.039158 0.240629
v 0.170327 -0.077646 0.234435
v 0.162913 -0.114805 0.224231
v 0.152711 -0.150000 0.210189
v 0.139896 -0.182628 0.192551
v 0.124688 -0.212132 0.171618
v 0.107346 -0.238006 0.147750
v 0.088168 -0.259807 0.121353
v 0.067481 -0.277164 0.092879
v 0.045639 -0.289778 0.062817
v 0.023016 -0.297434 0.031679
v 0.015927 0.297434 0.035773
v 0.031581 0.289778 0.070933
v 0.046695 0.277164 0.104880
v 0.061010 0.259807 0.137032
v 0.074282 0.238006 0.166839
v 0.086282 0.212132 0.193792
v 0.096806 0.182628 0.217429
v 0.105673 0.150000 0.237346
v 0.112733 0.114805 0.253202
v 0.117863 0.077646 0.264725
v 0.120977 0.039158 0.271719
v 0.122021 0.000000 0.274064
v 0.120977 -0.039158 0.271719
v 0.117863 -0.077646 0.264725
v 0.112733 -0.114805 0.253202
v 0.105673 -0.150000 0.237346
v 0.096806 -0.182628 0.217430
v 0.086282 -0.212132 0.193792
v 0.074282 -0.238006 0.166839
v 0.061010 -0.259807 0.137032
v 0.046695 -0.277164 0.104880
v 0.031581 -0.289778 0.070933
v 0.015927 -0.297434 0.035773
v 0.008141 0.297434 0.038302
v 0.016144 0.289778 0.075949
v 0.023869 0.277164 0.112296
v 0.031187 0.259807 0.146722
v 0.037971 0.238006 0.178638
v 0.044105 0.212132 0.207496
v 0.049484 0.182628 0.232805
v 0.054017 0.150000 0.254130
v 0.057626 0.114805 0.271107
v 0.060248 0.077646 0.283445
v 0.061840 0.039158 0.290934
v 0.062374 0.000000 0.293444
v 0.061840 -0.039158 0.290934
v 0.060248 -0.077646 0.283445
v 0.057626 -0.114805 0.271107
v 0.054017 -0.150000 0.254130
v 0.049484 -0.182628 0.232805
v 0.044105 -0.212132 0.207497
v 0.037971 -0.238006 0.178638
v 0.031187 -0.259807 0.146722
v 0.023869 -0.277164 0.112296
v 0.016144 -0.289778 0.075949
v 0.008141 -0.297434 0.038302
v 0.000000 0.297434 0.039158
v 0.000000 0.289778 0.077646
v 0.000000 0.277164 0.114805
v 0.000000 0.259807 0.150000
v 0.000000 0.238006 0.182629
v 0.000000 0.212132 0.212132
v 0.000000 0.182628 0.238006
v 0.000000 0.150000 0.259808
v 0.000000 0.114805 0.277164
v 0.000000 0.077646 0.289778
v 0.000000 0.039158 0.297434
v 0.000000 0.000000 0.300000
v 0.000000 -0.039158 0.297434
v 0.000000 -0.077646 0.289778
v 0.000000 -0.114805 0.277164
v 0.000000 -0.150000 0.259808
v 0.000000 -0.182628 0.238006
v 0.000000 -0.212132 0.212132
v 0.000000 -0.238006 0.182629
v 0.000000 -0.259807 0.150000
v 0.000000 -0.277164 0.114805
v 0.000000 -0.289778 0.077646
v 0.000000 -0.297434 0.039158
v -0.008141 0.297434 0.038302
v -0.016144 0.289778 0.075949
v -0.023869 0.277164 0.112296
v -0.031187 0.259807 0.146722
v -0.037971 0.238006 0.178638
v -0.044105 0.212132 0.207496
v -0.049484 0.182628 0.232805
v -0.054017 0.150000 0.254130
v -0.057626 0.114805 0.271107
v -0.060248 0.077646 0.283445
v -0.061840 0.039158 0.290934
v -0.062374 0.000000 0.293444
v -0.061840 -0.039158 0.290934
v -0.060248 -0.077646 0.283445
v -0.057626 -0.114805 0.271107
v -0.054017 -0.150000 0.254130
v -0.049484 -0.182628 0.232805
v -0.044105 -0.212132 0.207497
v -0.037971 -0.238006 0.178638
v -0.031187 -0.259807 0.146722
v -0.023869 -0.277164 0.112296
v -0.016144 -0.289778 0.075949
v -0.008141 -0.297434 0.038302
v -0.015927 0.297434 0.035773
v -0.031581 0.289778 0.070933
v -0.046695 0.277164 0.104880
v -0.061010 0.259807 0.137032
v -0.074282 0.238006 0.166840
v -0.086282 0.212132 0.193792
v -0.096806 0.182628 0.217429
v -0.105674 0.150000 0.237346
v -0.112733 0.114805 0.253202
v -0.117863 0.077646 0.264725
v -0.120977 0.039158 0.271719
v -0.122021 0.000000 0.274064
v -0.120977 -0.039158 0.271719
v -0.117863 -0.077646 0.264725
v -0.112733 -0.114805 0.253202
v -0.105674 -0.150000 0.237346
v -0.096806 -0.182628 0.217430
v -0.086282 -0.212132 0.193792
v -0.074282 -0.238006 0.166840
v -0.061010 -0.259807 0.137032
v -0.046695 -0.277164 0.104880
v -0.031581 -0.289778 0.070933
v -0.015927 -0.297434 0.035773
v -0.023016 0.297434 0.031679
v -0.045639 0.289778 0.062817
v -0.067481 0.277164 0.092879
v -0.088168 0.259807 0.121353
v -0.107346 0.238006 0.147750
v -0.124688 0.212132 0.171619
v -0.139897 0.182628 0.192551
v -0.152711 0.150000 0.210189
v -0.162913 0.114805 0.224230
v -0.170327 0.077646 0.234435
v -0.174827 0.039158 0.240629
v -0.176336 0.000000 0.242705
v -0.174827 -0.039158 0.240629
v -0.170327 -0.077646 0.234435
v -0.162913 -0.114805 0.224231
v -0.152711 -0.150000 0.210189
v -0.139897 -0.182628 0.192551
v -0.124688 -0.212132 0.171619
v -0.107346 -0.238006 0.147750
v -0.088168 -0.259807 0.121353
v -0.067481 -0.277164 0.092879
v -0.045639 -0.289778 0.062817
v -0.023016 -0.297434 0.031679
v -0.029100 0.297434 0.026202
v -0.057702 0.289778 0.051955
v -0.085317 0.277164 0.076819
v -0.111472 0.259807 0.100369
v -0.135719 0.238006 0.122202
v -0.157645 0.212132 0.141944
v -0.176873 0.182628 0.159257
v -0.193075 0.150000 0.173845
v -0.205973 0.114805 0.185459
v -0.215347 0.077646 0.193899
v -0.221036 0.039158 0.199022
v -0.222943 0.000000 0.200739
v -0.221036 -0.039158 0.199022
v -0.215347 -0.077646 0.193899
v -0.205973 -0.114805 0.185459
v -0.193075 -0.150000 0.173845
v -0.176873 -0.182628 0.159257
v -0.157645 -0.212132 0.141944
v -0.135719 -0.238006 0.122202
v -0.111472 -0.259807 0.100370
v -0.085317 -0.277164 0.076820
v -0.057702 -0.289778 0.051955
v -0.029100 -0.297434 0.026202
v -0.033912 0.297434 0.019579
v -0.067243 0.289778 0.038823
v -0.099424 0.277164 0.057403
v -0.129904 0.259807 0.075000
v -0.158161 0.238006 0.091314
v -0.183712 0.212132 0.106066
v -0.206120 0.182628 0.119003
v -0.225000 0.150000 0.129904
v -0.240031 0.114805 0.138582
v -0.250955 0.077646 0.144889
v -0.257585 0.039158 0.148717
v -0.259808 0.000000 0.150000
v -0.257585 -0.039158 0.148717
v -0.250955 -0.077646 0.144889
v -0.240031 -0.114805 0.138582
v -0.225000 -0.150000 0.129904
v -0.206120 -0.182628 0.119003
v -0.183712 -0.212132 0.106066
v -0.158161 -0.238006 0.091314
v -0.129904 -0.259807 0.075000
v -0.099424 -0.277164 0.057403
v -0.067243 -0.289778 0.038823
v -0.033912 -0.297434 0.019579
v -0.037241 0.297434 0.012100
v -0.073846 0.289778 0.023994
v -0.109186 0.277164 0.035477
v -0.142659 0.259807 0.046353
v -0.173690 0.238006 0.056435
v -0.201750 0.212132 0.065552
v -0.226357 0.182628 0.073548
v -0.247092 0.150000 0.080285
v -0.263599 0.114805 0.085648
v -0.275595 0.077646 0.089546
v -0.282876 0.039158 0.091912
v -0.285317 0.000000 0.092705
v -0.282876 -0.039158 0.091912
v -0.275595 -0.077646 0.089546
v -0.263599 -0.114805 0.085649
v -0.247092 -0.150000 0.080285
v -0.226357 -0.182628 0.073548
v -0.201750 -0.212132 0.065552
v -0.173690 -0.238006 0.056435
v -0.142659 -0.259807 0.046353
v -0.109186 -0.277164 0.035477
v -0.073846 -0.289778 0.023994
v -0.037241 -0.297434 0.012101
v -0.038943 0.297434 0.004093
v -0.077220 0.289778 0.008116
v -0.114176 0.277164 0.012000
v -0.149178 0.259807 0.015679
v -0.181628 0.238006 0.019090
v -0.210970 0.212132 0.022174
v -0.236702 0.182628 0.024878
v -0.258385 0.150000 0.027157
v -0.275646 0.114805 0.028972
v -0.288191 0.077646 0.030290
v -0.295804 0.039158 0.031090
v -0.298357 0.000000 0.031358
v -0.295804 -0.039158 0.031090
v -0.288191 -0.077646 0.030290
v -0.275646 -0.114805 0.028972
v -0.258385 -0.150000 0.027157
v -0.236702 -0.182628 0.024878
v -0.210970 -0.212132 0.022174
v -0.181628 -0.238006 0.019090
v -0.149178 -0.259807 0.015679
v -0.114176 -0.277164 0.012000
v -0.077220 -0.289778 0.008116
v -0.038943 -0.297434 0.004093
v -0.038943 0.297434 -0.004093
v -0.077220 0.289778 -0.008116
v -0.114176 0.277164 -0.012000
v -0.149178 0.259807 -0.015679
v -0.181628 0.238006 -0.019090
v -0.210970 0.212132 -0.022174
v -0.236702 0.182628 -0.024878
v -0.258385 0.150000 -0.027158
v -0.275646 0.114805 -0.028972
v -0.288191 0.077646 -0.030290
v -0.295804 0.039158 -0.031090
v -0.298357 -0.000000 -0.031359
v -0.295804 -0.039158 -0.031090
v -0.288191 -0.077646 -0.030290
v -0.275646 -0.114805 -0.028972
v -0.258385 -0.150000 -0.027157
v -0.236702 -0.182628 -0.024878
v -0.210970 -0.212132 -0.022174
v -0.181628 -0.238006 -0.019090
v -0.149178 -0.259807 -0.015679
v -0.114176 -0.277164 -0.012000
v -0.077220 -0.289778 -0.008116
v -0.038943 -0.297434 -0.004093
v -0.037241 0.297434 -0.012101
v -0.073846 0.289778 -0.023994
v -0.109186 0.277164 -0.035477
v -0.142659 0.259807 -0.046353
v -0.173690 0.238006 -0.056435
v -0.201750 0.212132 -0.065552
v -0.226357 0.182628 -0.073548
v -0.247092 0.150000 -0.080285
v -0.263599 0.114805 -0.085649
v -0.275595 0.077646 -0.089546
v -0.282876 0.039158 -0.091912
v -0.285317 -0.000000 -0.092705
v -0.282876 -0.039158 -0.091912
v -0.275595 -0.077646 -0.089546
v -0.263599 -0.114805 -0.085648
v -0.247092 -0.150000 -0.080285
v -0.226357 -0.182628 -0.073548
v -0.201750 -0.212132 -0.065552
v -0.173690 -0.238006 -0.056435
v -0.142659 -0.259807 -0.046353
v -0.109186 -0.277164 -0.035477
v -0.073846 -0.289778 -0.023994
v -0.037241 -0.297434 -0.012100
v -0.033912 0.297434 -0.019579
v -0.067243 0.289778 -0.038823
v -0.099424 0.277164 -0.057403
v -0.129904 0.259807 -0.075000
v -0.158161 0.238006 -0.091314
v -0.183712 0.212132 -0.106066
v -0.206120 0.182628 -0.119003
v -0.225000 0.150000 -0.129904
v -0.240031 0.114805 -0.138582
v -0.250955 0.077646 -0.144889
v -0.257585 0.039158 -0.148717
v -0.259808 -0.000000 -0.150000
v -0.257585 -0.039158 -0.148717
v -0.250955 -0.077646 -0.144889
v -0.240031 -0.114805 -0.138582
v -0.225000 -0.150000 -0.129904
v -0.206120 -0.182628 -0.119003
v -0.183712 -0.212132 -0.106066
v -0.158161 -0.238006 -0.091314
v -0.129904 -0.259807 -0.075000
v -0.099424 -0.277164 -0.057403
v -0.067243 -0.289778 -0.038823
v -0.033912 -0.297434 -0.019579
v -0.029100 0.297434 -0.026202
v -0.057702 0.289778 -0.051955
v -0.085317 0.277164 -0.076820
v -0.111472 0.259807 -0.100370
v -0.135719 0.238006 -0.122202
v -0.157645 0.212132 -0.141944
v -0.176873 0.182628 -0.159257
v -0.193075 0.150000 -0.173846
v -0.205973 0.114805 -0.185459
v -0.215347 0.077646 -0.193899
v -0.221036 0.039158 -0.199022
v -0.222943 -0.000000 -0.200739
v -0.221036 -0.039158 -0.199022
v -0.215347 -0.077646 -0.193899
v -0.205973 -0.114805 -0.185459
v -0.193075 -0.150000 -0.173845
v -0.176873 -0.182628 -0.159257
v -0.157645 -0.212132 -0.141944
v -0.135719 -0.238006 -0.122202
v -0.111472 -0.259807 -0.100370
v -0.085317 -0.277164 -0.076819
v -0.057702 -0.289778 -0.051955
v -0.029100 -0.297434 -0.026202
v -0.023016 0.297434 -0.031679
v -0.045639 0.289778 -0.062817
v -0.067481 0.277164 -0.092879
v -0.088168 0.259807 -0.121353
v -0.107346 0.238006 -0.147750
v -0.124688 0.212132 -0.171619
v -0.139897 0.182628 -0.192551
v -0.152711 0.150000 -0.210189
v -0.162913 0.114805 -0.224231
v -0.170327 0.077646 -0.234435
v -0.174827 0.039158 -0.240629
v -0.176336 -0.000000 -0.242705
v -0.174827 -0.039158 -0.240629
v -0.170327 -0.077646 -0.234435
v -0.162913 -0.114805 -0.224230
v -0.152711 -0.150000 -0.210189
v -0.139897 -0.182628 -0.192551
v -0.124688 -0.212132 -0.171619
v -0.107346 -0.238006 -0.147750
v -0.088168 -0.259807 -0.121353
v -0.067481 -0.277164 -0.092879
v -0.045639 -0.289778 -0.062817
v -0.023016 -0.297434 -0.031679
v -0.015927 0.297434 -0.035773
v -0.031581 0.289778 -0.070933
v -0.046695 0.277164 -0.104880
v -0.061010 0.259807 -0.137032
v -0.074282 0.238006 -0.166840
v -0.086282 0.212132 -0.193793
v -0.096806 0.182628 -0.217430
v -0.105673 0.150000 -0.237346
v -0.112733 0.114805 -0.253202
v -0.117863 0.077646 -0.264725
v -0.120977 0.039158 -0.271719
v -0.122021 -0.000000 -0.274064
v -0.120977 -0.039158 -0.271719
v -0.117863 -0.077646 -0.264725
v -0.112733 -0.114805 -0.253202
v -0.105673 -0.150000 -0.237346
v -0.096806 -0.182628 -0.217429
v -0.086282 -0.212132 -0.193792
v -0.074282 -0.238006 -0.166840
v -0.061010 -0.259807 -0.137032
v -0.046695 -0.277164 -0.104880
v -0.031581 -0.289778 -0.070933
v -0.015927 -0.297434 -0.035773
v -0.008141 0.297434 -0.038302
v -0.016143 0.289778 -0.075949
v -0.023869 0.277164 -0.112296
v -0.031187 0.259807 -0.146722
v -0.037971 0.238006 -0.178638
v -0.044105 0.212132 -0.207497
v -0.049484 0.182628 -0.232805
v -0.054017 0.150000 -0.254131
v -0.057626 0.114805 -0.271107
v -0.060248 0.077646 -0.283446
v -0.061840 0.039158 -0.290934
v -0.062374 -0.000000 -0.293445
v -0.061840 -0.039158 -0.290934
v -0.060248 -0.077646 -0.283446
v -0.057626 -0.114805 -0.271107
v -0.054017 -0.150000 -0.254131
v -0.049484 -0.182628 -0.232805
v -0.044105 -0.212132 -0.207496
v -0.037971 -0.238006 -0.178638
v -0.031187 -0.259807 -0.146722
v -0.023869 -0.277164 -0.112296
v -0.016143 -0.289778 -0.075949
v -0.008141 -0.297434 -0.038302
v 0.000000 0.289778 -0.077646
v 0.000000 0.238006 -0.182629
v 0.000000 0.212132 -0.212132
v 0.000000 0.182628 -0.238006
v 0.000000 0.150000 -0.259808
v 0.000000 -0.150000 -0.259808
v 0.000000 -0.212132 -0.212132
v 0.000000 -0.238006 -0.182629
v 0.000000 -0.289778 -0.077646
v 0.000000 -0.300000 0.000000
vn -0.0000 0.9223 -0.3864
vn 0.1046 0.8641 -0.4923
vn -0.0000 0.8641 -0.5033
vn -0.0000 -0.7913 -0.6115
vn 0.1475 -0.7049 -0.6938
vn 0.1271 -0.7913 -0.5981
vn -0.0000 0.1300 -0.9915
vn 0.2079 -0.0000 -0.9781
vn -0.0000 -0.0000 -1.0000
vn 0.1271 0.7913 -0.5981
vn -0.0000 0.7913 -0.6115
vn -0.0000 -0.8641 -0.5033
vn 0.1046 -0.8641 -0.4923
vn 0.2061 -0.1300 -0.9699
vn -0.0000 -0.1300 -0.9915
vn 0.1475 0.7049 -0.6938
vn -0.0000 0.7049 -0.7093
vn 0.0803 -0.9223 -0.3780
vn -0.0000 -0.9223 -0.3864
vn 0.2009 -0.2577 -0.9451
vn -0.0000 -0.2577 -0.9662
vn 0.1653 0.6067 -0.7776
vn -0.0000 0.6067 -0.7950
vn -0.0000 -0.9648 -0.2629
vn 0.0547 -0.9648 -0.2571
vn -0.0000 -0.3812 -0.9245
vn 0.1922 -0.3812 -0.9043
vn 0.1803 0.4981 -0.8482
vn -0.0000 0.4981 -0.8671
vn -0.0000 -0.9909 -0.1348
vn 0.0280 -0.9909 -0.1319
vn -0.0000 0.9909 -0.1348
vn -0.0000 1.0000 -0.0000
vn 0.0280 0.9909 -0.1319
vn -0.0000 -0.4981 -0.8671
vn 0.1803 -0.4981 -0.8482
vn 0.1922 0.3812 -0.9043
vn -0.0000 0.3812 -0.9245
vn -0.0000 -1.0000 -0.0000
vn 0.0547 0.9648 -0.2571
vn -0.0000 0.9648 -0.2629
vn -0.0000 -0.6067 -0.7950
vn 0.1653 -0.6067 -0.7776
vn 0.2009 0.2577 -0.9451
vn -0.0000 0.2577 -0.9662
vn 0.0803 0.9223 -0.3780
vn -0.0000 -0.7049 -0.7093
vn 0.2061 0.1300 -0.9699
vn 0.1069 0.9648 -0.2401
vn 0.3233 -0.6067 -0.7262
vn 0.3930 0.2577 -0.8827
vn 0.1572 0.9223 -0.3530
vn 0.2885 -0.7049 -0.6480
vn 0.4033 0.1300 -0.9058
vn 0.2047 0.8641 -0.4597
vn 0.2487 -0.7913 -0.5586
vn 0.4067 -0.0000 -0.9135
vn 0.2487 0.7913 -0.5586
vn 0.2047 -0.8641 -0.4597
vn 0.4033 -0.1300 -0.9058
vn 0.2885 0.7049 -0.6480
vn 0.1572 -0.9223 -0.3530
vn 0.3930 -0.2577 -0.8827
vn 0.3233 0.6067 -0.7262
vn 0.1069 -0.9648 -0.2401
vn 0.3760 -0.3812 -0.8446
vn 0.3527 0.4981 -0.7921
vn 0.0548 -0.9909 -0.1232
vn 0.0548 0.9909 -0.1232
vn 0.3527 -0.4981 -0.7921
vn 0.3760 0.3812 -0.8446
vn 0.3594 0.7913 -0.4947
vn 0.2958 -0.8641 -0.4071
vn 0.5878 -0.0000 -0.8090
vn 0.5828 -0.1300 -0.8022
vn 0.4169 0.7049 -0.5738
vn 0.2271 -0.9223 -0.3126
vn 0.5679 -0.2577 -0.7817
vn 0.4673 0.6067 -0.6431
vn 0.1545 -0.9648 -0.2127
vn 0.5434 -0.3812 -0.7479
vn 0.5097 0.4981 -0.7015
vn 0.0792 -0.9909 -0.1091
vn 0.0792 0.9909 -0.1091
vn 0.5097 -0.4981 -0.7015
vn 0.5434 0.3812 -0.7479
vn 0.1545 0.9648 -0.2127
vn 0.4673 -0.6067 -0.6431
vn 0.5679 0.2577 -0.7817
vn 0.2271 0.9223 -0.3126
vn 0.4169 -0.7049 -0.5738
vn 0.5828 0.1300 -0.8022
vn 0.2958 0.8641 -0.4071
vn 0.3594 -0.7913 -0.4947
vn 0.6870 -0.3812 -0.6186
vn 0.6444 0.4981 -0.5802
vn 0.1002 -0.9909 -0.0902
vn 0.1002 0.9909 -0.0902
vn 0.6444 -0.4981 -0.5802
vn 0.6870 0.3812 -0.6186
vn 0.1954 0.9648 -0.1759
vn 0.5908 -0.6067 -0.5319
vn 0.7180 0.2577 -0.6465
vn 0.2871 0.9223 -0.2585
vn 0.5271 -0.7049 -0.4746
vn 0.7368 0.1300 -0.6635
vn 0.3740 0.8641 -0.3367
vn 0.4544 -0.7913 -0.4092
vn 0.7431 -0.0000 -0.6691
vn 0.4544 0.7913 -0.4092
vn 0.3740 -0.8641 -0.3367
vn 0.7368 -0.1300 -0.6635
vn 0.5271 0.7049 -0.4746
vn 0.2871 -0.9223 -0.2585
vn 0.7180 -0.2577 -0.6465
vn 0.5908 0.6067 -0.5319
vn 0.1954 -0.9648 -0.1759
vn 0.2277 0.9648 -0.1314
vn 0.3346 0.9223 -0.1932
vn 0.6142 -0.7049 -0.3546
vn 0.8587 0.1300 -0.4958
vn 0.4358 0.8641 -0.2516
vn 0.5296 -0.7913 -0.3057
vn 0.8660 -0.0000 -0.5000
vn 0.5296 0.7913 -0.3057
vn 0.4358 -0.8641 -0.2516
vn 0.8587 -0.1300 -0.4958
vn 0.6142 0.7049 -0.3546
vn 0.3346 -0.9223 -0.1932
vn 0.8368 -0.2577 -0.4831
vn 0.6885 0.6067 -0.3975
vn 0.2277 -0.9648 -0.1314
vn 0.8007 -0.3812 -0.4623
vn 0.7509 0.4981 -0.4336
vn 0.1167 -0.9909 -0.0674
vn 0.1167 0.9909 -0.0674
vn 0.7509 -0.4981 -0.4336
vn 0.8007 0.3812 -0.4623
vn 0.6885 -0.6067 -0.3975
vn 0.8368 0.2577 -0.4831
vn 0.6746 0.7049 -0.2192
vn 0.3675 -0.9223 -0.1194
vn 0.9189 -0.2577 -0.2986
vn 0.7560 0.6067 -0.2457
vn 0.2500 -0.9648 -0.0812
vn 0.8793 -0.3812 -0.2857
vn 0.8247 0.4981 -0.2679
vn 0.1282 -0.9909 -0.0417
vn 0.1282 0.9909 -0.0417
vn 0.8247 -0.4981 -0.2679
vn 0.8793 0.3812 -0.2857
vn 0.2500 0.9648 -0.0812
vn 0.7560 -0.6067 -0.2457
vn 0.9189 0.2577 -0.2986
vn 0.3675 0.9223 -0.1194
vn 0.6746 -0.7049 -0.2192
vn 0.9430 0.1300 -0.3064
vn 0.4786 0.8641 -0.1555
vn 0.5816 -0.7913 -0.1890
vn 0.9511 -0.0000 -0.3090
vn 0.5816 0.7913 -0.1890
vn 0.4786 -0.8641 -0.1555
vn 0.9430 -0.1300 -0.3064
vn 0.9194 -0.3812 -0.0966
vn 0.8624 -0.4981 -0.0906
vn 0.9194 0.3812 -0.0966
vn 0.1341 -0.9909 -0.0141
vn 0.2614 0.9648 -0.0275
vn 0.7906 -0.6067 -0.0831
vn 0.9609 0.2577 -0.1010
vn 0.3843 0.9223 -0.0404
vn 0.7054 -0.7049 -0.0741
vn 0.9861 0.1300 -0.1036
vn 0.5005 0.8641 -0.0526
vn 0.6081 -0.7913 -0.0639
vn 0.9945 -0.0000 -0.1045
vn 0.6081 0.7913 -0.0639
vn 0.5005 -0.8641 -0.0526
vn 0.9861 -0.1300 -0.1036
vn 0.7054 0.7049 -0.0741
vn 0.3843 -0.9223 -0.0404
vn 0.9609 -0.2577 -0.1010
vn 0.7906 0.6067 -0.0831
vn 0.2614 -0.9648 -0.0275
vn 0.8624 0.4981 -0.0906
vn 0.1341 0.9909 -0.0141
vn 0.3843 0.9223 0.0404
vn 0.5005 0.8641 0.0526
vn 0.7054 -0.7049 0.0741
vn 0.6081 -0.7913 0.0639
vn 0.9945 -0.0000 0.1045
vn 0.6081 0.7913 0.0639
vn 0.5005 -0.8641 0.0526
vn 0.9861 -0.1300 0.1036
vn 0.7054 0.7049 0.0741
vn 0.3843 -0.9223 0.0404
vn 0.9609 -0.2577 0.1010
vn 0.7906 0.6067 0.0831
vn 0.2614 -0.9648 0.0275
vn 0.9194 -0.3812 0.0966
vn 0.8624 0.4981 0.0906
vn 0.1341 -0.9909 0.0141
vn 0.1341 0.9909 0.0141
vn 0.8624 -0.4981 0.0906
vn 0.9194 0.3812 0.0966
vn 0.2614 0.9648 0.0275
vn 0.7906 -0.6067 0.0831
vn 0.9609 0.2577 0.1010
vn 0.9861 0.1300 0.1036
vn 0.6746 0.7049 0.2192
vn 0.7560 0.6067 0.2457
vn 0.3675 -0.9223 0.1194
vn 0.2500 -0.9648 0.0812
vn 0.9189 -0.2577 0.2986
vn 0.8793 -0.3812 0.2857
vn 0.8247 0.4981 0.2679
vn 0.1282 -0.9909 0.0417
vn 0.1282 0.9909 0.0417
vn 0.8247 -0.4981 0.2679
vn 0.8793 0.3812 0.2857
vn 0.2500 0.9648 0.0812
vn 0.7560 -0.6067 0.2457
vn 0.9189 0.2577 0.2986
vn 0.3675 0.9223 0.1194
vn 0.6746 -0.7049 0.2192
vn 0.9430 0.1300 0.3064
vn 0.4786 0.8641 0.1555
vn 0.5816 -0.7913 0.1890
vn 0.9511 -0.0000 0.3090
vn 0.5816 0.7913 0.1890
vn 0.4786 -0.8641 0.1555
vn 0.9430 -0.1300 0.3064
vn 0.6885 -0.6067 0.3975
vn 0.8368 0.2577 0.4831
vn 0.3346 0.9223 0.1932
vn 0.6142 -0.7049 0.3546
vn 0.8587 0.1300 0.4958
vn 0.4358 0.8641 0.2516
vn 0.5296 -0.7913 0.3057
vn 0.8660 -0.0000 0.5000
vn 0.5296 0.7913 0.3057
vn 0.4358 -0.8641 0.2516
vn 0.8587 -0.1300 0.4958
vn 0.6142 0.7049 0.3546
vn 0.3346 -0.9223 0.1932
vn 0.8368 -0.2577 0.4831
vn 0.6885 0.6067 0.3975
vn 0.2277 -0.9648 0.1314
vn 0.8007 -0.3812 0.4623
vn 0.7509 0.4981 0.4336
vn 0.1167 -0.9909 0.0674
vn 0.1167 0.9909 0.0674
vn 0.7509 -0.4981 0.4336
vn 0.8006 0.3812 0.4623
vn 0.2277 0.9648 0.1314
vn 0.4544 0.7913 0.4092
vn 0.3740 -0.8641 0.3367
vn 0.7431 -0.0000 0.6691
vn 0.7368 -0.1300 0.6635
vn 0.5271 0.7049 0.4746
vn 0.2871 -0.9223 0.2585
vn 0.7180 -0.2577 0.6465
vn 0.5908 0.6067 0.5319
vn 0.1954 -0.9648 0.1759
vn 0.6870 -0.3812 0.6186
vn 0.6444 0.4981 0.5802
vn 0.1002 -0.9909 0.0902
vn 0.1002 0.9909 0.0902
vn 0.6444 -0.4981 0.5802
vn 0.6870 0.3812 0.6186
vn 0.1954 0.9648 0.1759
vn 0.5908 -0.6067 0.5319
vn 0.7180 0.2577 0.6465
vn 0.2871 0.9223 0.2585
vn 0.5271 -0.7049 0.4746
vn 0.7368 0.1300 0.6635
vn 0.3740 0.8641 0.3367
vn 0.4544 -0.7913 0.4092
vn 0.5097 0.4981 0.7015
vn 0.0792 -0.9909 0.1091
vn 0.0792 0.9909 0.1091
vn 0.5097 -0.4981 0.7015
vn 0.5434 0.3812 0.7479
vn 0.1545 0.9648 0.2127
vn 0.4673 -0.6067 0.6431
vn 0.5679 0.2577 0.7817
vn 0.2271 0.9223 0.3126
vn 0.4169 -0.7049 0.5738
vn 0.5828 0.1300 0.8022
vn 0.2958 0.8641 0.4071
vn 0.3594 -0.7913 0.4947
vn 0.5878 -0.0000 0.8090
vn 0.3594 0.7913 0.4947
vn 0.2958 -0.8641 0.4071
vn 0.5828 -0.1300 0.8022
vn 0.4169 0.7049 0.5738
vn 0.2271 -0.9223 0.3126
vn 0.5679 -0.2577 0.7817
vn 0.4673 0.6067 0.6431
vn 0.1545 -0.9648 0.2127
vn 0.5434 -0.3812 0.7479
vn 0.2885 -0.7049 0.6479
vn 0.3930 0.2577 0.8827
vn 0.4033 0.1300 0.9058
vn 0.1572 0.9223 0.3530
vn 0.2047 0.8641 0.4597
vn 0.2487 -0.7913 0.5586
vn 0.4067 -0.0000 0.9135
vn 0.2487 0.7913 0.5586
vn 0.2047 -0.8641 0.4597
vn 0.4033 -0.1300 0.9058
vn 0.2885 0.7049 0.6479
vn 0.1572 -0.9223 0.3530
vn 0.3930 -0.2577 0.8827
vn 0.3233 0.6067 0.7262
vn 0.1069 -0.9648 0.2401
vn 0.3760 -0.3812 0.8446
vn 0.3527 0.4981 0.7921
vn 0.0548 -0.9909 0.1232
vn 0.0548 0.9909 0.1232
vn 0.3527 -0.4981 0.7921
vn 0.3760 0.3812 0.8446
vn 0.1069 0.9648 0.2402
vn 0.3233 -0.6067 0.7262
vn 0.1475 0.7049 0.6938
vn 0.0803 -0.9223 0.3780
vn 0.2061 -0.1300 0.9699
vn 0.2009 -0.2577 0.9451
vn 0.1653 0.6067 0.7776
vn 0.0547 -0.9648 0.2571
vn 0.1922 -0.3812 0.9043
vn 0.1803 0.4981 0.8482
vn 0.0280 -0.9909 0.1319
vn 0.0280 0.9909 0.1319
vn 0.1803 -0.4981 0.8482
vn 0.1922 0.3812 0.9043
vn 0.0547 0.9648 0.2571
vn 0.1653 -0.6067 0.7776
vn 0.2009 0.2577 0.9451
vn 0.0803 0.9223 0.3780
vn 0.1475 -0.7049 0.6938
vn 0.2061 0.1300 0.9699
vn 0.1046 0.8641 0.4923
vn 0.1271 -0.7913 0.5981
vn 0.2079 -0.0000 0.9781
vn 0.1271 0.7913 0.5981
vn 0.1046 -0.8641 0.4923
vn -0.0000 0.3812 0.9245
vn -0.0000 -0.9909 0.1348
vn -0.0000 0.9648 0.2629
vn -0.0000 -0.4981 0.8671
vn -0.0000 -0.6067 0.7950
vn -0.0000 0.2577 0.9662
vn -0.0000 0.9223 0.3864
vn -0.0000 -0.7049 0.7093
vn -0.0000 0.1300 0.9915
vn -0.0000 0.8641 0.5033
vn -0.0000 -0.7913 0.6115
vn -0.0000 -0.0000 1.0000
vn -0.0000 0.7913 0.6115
vn -0.0000 -0.8641 0.5033
vn -0.0000 -0.1300 0.9915
vn -0.0000 0.7049 0.7093
vn -0.0000 -0.9223 0.3864
vn -0.0000 -0.2577 0.9662
vn -0.0000 0.6067 0.7950
vn -0.0000 -0.9648 0.2629
vn -0.0000 -0.3812 0.9245
vn -0.0000 0.4981 0.8671
vn -0.0000 0.9909 0.1348
vn -0.1475 -0.7049 0.6938
vn -0.1271 -0.7913 0.5981
vn -0.2079 -0.0000 0.9781
vn -0.1046 0.8641 0.4923
vn -0.1271 0.7913 0.5981
vn -0.1046 -0.8641 0.4923
vn -0.2061 -0.1300 0.9699
vn -0.1475 0.7049 0.6938
vn -0.0803 -0.9223 0.3779
vn -0.2009 -0.2577 0.9451
vn -0.1653 0.6067 0.7776
vn -0.0547 -0.9648 0.2571
vn -0.1922 -0.3812 0.9043
vn -0.1803 0.4981 0.8482
vn -0.0280 -0.9909 0.1319
vn -0.0280 0.9909 0.1319
vn -0.1803 -0.4981 0.8482
vn -0.1922 0.3812 0.9043
vn -0.0547 0.9648 0.2571
vn -0.1653 -0.6067 0.7776
vn -0.2009 0.2577 0.9451
vn -0.0803 0.9223 0.3780
vn -0.2061 0.1300 0.9699
vn -0.2885 0.7049 0.6480
vn -0.3233 0.6067 0.7262
vn -0.1572 -0.9223 0.3530
vn -0.1069 -0.9648 0.2402
vn -0.3760 -0.3812 0.8446
vn -0.3527 0.4981 0.7921
vn -0.0548 -0.9909 0.1232
vn -0.0548 0.9909 0.1232
vn -0.3527 -0.4981 0.7921
vn -0.3760 0.3812 0.8446
vn -0.1069 0.9648 0.2401
vn -0.3233 -0.6067 0.7262
vn -0.3930 0.2577 0.8827
vn -0.1572 0.9223 0.3530
vn -0.2885 -0.7049 0.6480
vn -0.4033 0.1300 0.9058
vn -0.2047 0.8641 0.4597
vn -0.2487 -0.7913 0.5586
vn -0.4067 -0.0000 0.9135
vn -0.2487 0.7913 0.5586
vn -0.2047 -0.8641 0.4597
vn -0.4033 -0.1300 0.9058
vn -0.3930 -0.2577 0.8827
vn -0.5679 0.2577 0.7817
vn -0.1545 0.9648 0.2127
vn -0.2271 0.9223 0.3126
vn -0.4169 -0.7049 0.5738
vn -0.5828 0.1300 0.8022
vn -0.2958 0.8641 0.4071
vn -0.3594 -0.7913 0.4947
vn -0.5878 -0.0000 0.8090
vn -0.3594 0.7913 0.4947
vn -0.2958 -0.8641 0.4071
vn -0.5828 -0.1300 0.8022
vn -0.4169 0.7049 0.5738
vn -0.2271 -0.9223 0.3126
vn -0.5679 -0.2577 0.7817
vn -0.4673 0.6067 0.6431
vn -0.1545 -0.9648 0.2127
vn -0.5434 -0.3812 0.7479
vn -0.5097 0.4981 0.7015
vn -0.0792 -0.9909 0.1091
vn -0.0792 0.9909 0.1091
vn -0.5097 -0.4981 0.7015
vn -0.5434 0.3812 0.7479
vn -0.4673 -0.6067 0.6431
vn -0.4544 -0.7913 0.4092
vn -0.3740 -0.8641 0.3367
vn -0.7368 -0.1300 0.6635
vn -0.5271 0.7049 0.4746
vn -0.2871 -0.9223 0.2585
vn -0.7180 -0.2577 0.6465
vn -0.5908 0.6067 0.5319
vn -0.1954 -0.9648 0.1759
vn -0.6870 -0.3812 0.6186
vn -0.6444 0.4981 0.5802
vn -0.1002 -0.9909 0.0902
vn -0.1002 0.9909 0.0902
vn -0.6444 -0.4981 0.5802
vn -0.6870 0.3812 0.6186
vn -0.1954 0.9648 0.1759
vn -0.5908 -0.6067 0.5319
vn -0.7180 0.2577 0.6465
vn -0.2871 0.9223 0.2585
vn -0.5271 -0.7049 0.4746
vn -0.7368 0.1300 0.6635
vn -0.3740 0.8641 0.3367
vn -0.7431 -0.0000 0.6691
vn -0.4544 0.7913 0.4092
vn -0.6885 0.6067 0.3975
vn -0.7509 0.4981 0.4336
vn -0.1167 -0.9909 0.0674
vn -0.1167 0.9909 0.0674
vn -0.7509 -0.4981 0.4336
vn -0.8007 0.3812 0.4623
vn -0.2277 0.9648 0.1314
vn -0.6885 -0.6067 0.3975
vn -0.8368 0.2577 0.4831
vn -0.3346 0.9223 0.1932
vn -0.6142 -0.7049 0.3546
vn -0.8587 0.1300 0.4958
vn -0.4358 0.8641 0.2516
vn -0.5296 -0.7913 0.3057
vn -0.8660 -0.0000 0.5000
vn -0.5296 0.7913 0.3057
vn -0.4358 -0.8641 0.2516
vn -0.8587 -0.1300 0.4958
vn -0.6142 0.7049 0.3546
vn -0.3346 -0.9223 0.1932
vn -0.8368 -0.2577 0.4831
vn -0.2277 -0.9648 0.1314
vn -0.8007 -0.3812 0.4623
vn -0.9430 0.1300 0.3064
vn -0.3675 0.9223 0.1194
vn -0.4786 0.8641 0.1555
vn -0.6746 -0.7049 0.2192
vn -0.5816 -0.7913 0.1890
vn -0.9511 -0.0000 0.3090
vn -0.5816 0.7913 0.1890
vn -0.4786 -0.8641 0.1555
vn -0.9430 -0.1300 0.3064
vn -0.6746 0.7049 0.2192
vn -0.3675 -0.9223 0.1194
vn -0.9189 -0.2577 0.2986
vn -0.7560 0.6067 0.2457
vn -0.2500 -0.9648 0.0812
vn -0.8793 -0.3812 0.2857
vn -0.8247 0.4981 0.2679
vn -0.1282 -0.9909 0.0417
vn -0.1282 0.9909 0.0417
vn -0.8247 -0.4981 0.2680
vn -0.8793 0.3812 0.2857
vn -0.2500 0.9648 0.0812
vn -0.7560 -0.6067 0.2457
vn -0.9189 0.2577 0.2986
vn -0.3843 -0.9223 0.0404
vn -0.9861 -0.1300 0.1036
vn -0.9609 -0.2577 0.1010
vn -0.7054 0.7049 0.0741
vn -0.7906 0.6067 0.0831
vn -0.2614 -0.9648 0.0275
vn -0.9194 -0.3812 0.0966
vn -0.8624 0.4981 0.0906
vn -0.1341 -0.9909 0.0141
vn -0.1341 0.9909 0.0141
vn -0.8624 -0.4981 0.0906
vn -0.9194 0.3812 0.0966
vn -0.2614 0.9648 0.0275
vn -0.7906 -0.6067 0.0831
vn -0.9609 0.2577 0.1010
vn -0.3843 0.9223 0.0404
vn -0.7054 -0.7049 0.0741
vn -0.9861 0.1300 0.1036
vn -0.5005 0.8641 0.0526
vn -0.6081 -0.7913 0.0639
vn -0.9945 -0.0000 0.1045
vn -0.6081 0.7913 0.0639
vn -0.5005 -0.8641 0.0526
vn -0.9194 0.3812 -0.0966
vn -0.1341 -0.9909 -0.0141
vn -0.1341 0.9909 -0.0141
vn -0.2614 0.9648 -0.0275
vn -0.7906 -0.6067 -0.0831
vn -0.9609 0.2577 -0.1010
vn -0.3843 0.9223 -0.0404
vn -0.7054 -0.7049 -0.0741
vn -0.9861 0.1300 -0.1036
vn -0.5005 0.8641 -0.0526
vn -0.6081 -0.7913 -0.0639
vn -0.9945 -0.0000 -0.1045
vn -0.6081 0.7913 -0.0639
vn -0.5005 -0.8641 -0.0526
vn -0.9861 -0.1300 -0.1036
vn -0.7054 0.7049 -0.0741
vn -0.3843 -0.9223 -0.0404
vn -0.9609 -0.2577 -0.1010
vn -0.7906 0.6067 -0.0831
vn -0.2614 -0.9648 -0.0275
vn -0.9194 -0.3812 -0.0966
vn -0.8624 0.4981 -0.0906
vn -0.8624 -0.4981 -0.0906
vn -0.9430 0.1300 -0.3064
vn -0.9511 -0.0000 -0.3090
vn -0.5816 0.7913 -0.1890
vn -0.5816 -0.7913 -0.1890
vn -0.4786 -0.8641 -0.1555
vn -0.9430 -0.1300 -0.3064
vn -0.6746 0.7049 -0.2192
vn -0.3675 -0.9223 -0.1194
vn -0.9189 -0.2577 -0.2986
vn -0.7560 0.6067 -0.2457
vn -0.2500 -0.9648 -0.0812
vn -0.8793 -0.3812 -0.2857
vn -0.8247 0.4981 -0.2680
vn -0.1282 -0.9909 -0.0417
vn -0.1282 0.9909 -0.0417
vn -0.8247 -0.4981 -0.2679
vn -0.8793 0.3812 -0.2857
vn -0.2500 0.9648 -0.0812
vn -0.7560 -0.6067 -0.2457
vn -0.9189 0.2577 -0.2986
vn -0.3675 0.9223 -0.1194
vn -0.6746 -0.7049 -0.2192
vn -0.4786 0.8641 -0.1555
vn -0.3346 -0.9223 -0.1932
vn -0.2277 -0.9648 -0.1314
vn -0.8007 -0.3812 -0.4623
vn -0.6885 0.6067 -0.3975
vn -0.7509 0.4981 -0.4336
vn -0.1167 -0.9909 -0.0674
vn -0.1167 0.9909 -0.0674
vn -0.7509 -0.4981 -0.4336
vn -0.8007 0.3812 -0.4623
vn -0.2277 0.9648 -0.1314
vn -0.6885 -0.6067 -0.3975
vn -0.8368 0.2577 -0.4831
vn -0.3346 0.9223 -0.1932
vn -0.6142 -0.7049 -0.3546
vn -0.8587 0.1300 -0.4958
vn -0.4358 0.8641 -0.2516
vn -0.5296 -0.7913 -0.3057
vn -0.8660 -0.0000 -0.5000
vn -0.5296 0.7913 -0.3057
vn -0.4358 -0.8641 -0.2516
vn -0.8587 -0.1300 -0.4958
vn -0.6142 0.7049 -0.3546
vn -0.8368 -0.2577 -0.4831
vn -0.7180 0.2577 -0.6465
vn -0.2871 0.9223 -0.2585
vn -0.5271 -0.7049 -0.4746
vn -0.7368 0.1300 -0.6635
vn -0.3740 0.8641 -0.3367
vn -0.4544 -0.7913 -0.4092
vn -0.7431 -0.0000 -0.6691
vn -0.4544 0.7913 -0.4092
vn -0.3740 -0.8641 -0.3367
vn -0.7368 -0.1300 -0.6635
vn -0.5271 0.7049 -0.4746
vn -0.2871 -0.9223 -0.2585
vn -0.7180 -0.2577 -0.6465
vn -0.5908 0.6067 -0.5319
vn -0.1954 -0.9648 -0.1759
vn -0.6870 -0.3812 -0.6186
vn -0.6444 0.4981 -0.5802
vn -0.1002 -0.9909 -0.0902
vn -0.1002 0.9909 -0.0902
vn -0.6444 -0.4981 -0.5802
vn -0.6870 0.3812 -0.6186
vn -0.1954 0.9648 -0.1759
vn -0.5908 -0.6067 -0.5319
vn -0.5828 -0.1300 -0.8022
vn -0.4169 0.7049 -0.5738
vn -0.2271 -0.9223 -0.3126
vn -0.5679 -0.2577 -0.7817
vn -0.4673 0.6067 -0.6431
vn -0.1545 -0.9648 -0.2127
vn -0.5434 -0.3812 -0.7479
vn -0.5097 0.4981 -0.7015
vn -0.0792 -0.9909 -0.1091
vn -0.0792 0.9909 -0.1091
vn -0.5097 -0.4981 -0.7015
vn -0.5434 0.3812 -0.7479
vn -0.1545 0.9648 -0.2127
vn -0.4673 -0.6067 -0.6431
vn -0.5679 0.2577 -0.7817
vn -0.2271 0.9223 -0.3126
vn -0.4169 -0.7049 -0.5738
vn -0.5828 0.1300 -0.8022
vn -0.2958 0.8641 -0.4071
vn -0.3594 -0.7913 -0.4947
vn -0.5878 -0.0000 -0.8090
vn -0.3594 0.7913 -0.4947
vn -0.2958 -0.8641 -0.4071
vn -0.0548 -0.9909 -0.1232
vn -0.0548 0.9909 -0.1232
vn -0.3760 -0.3812 -0.8446
vn -0.3527 -0.4981 -0.7921
vn -0.3760 0.3812 -0.8446
vn -0.1069 0.9648 -0.2401
vn -0.3233 -0.6067 -0.7262
vn -0.3930 0.2577 -0.8827
vn -0.1572 0.9223 -0.3530
vn -0.2885 -0.7049 -0.6480
vn -0.4033 0.1300 -0.9058
vn -0.2047 0.8641 -0.4597
vn -0.2487 -0.7913 -0.5586
vn -0.4067 -0.0000 -0.9135
vn -0.2487 0.7913 -0.5586
vn -0.2047 -0.8641 -0.4597
vn -0.4033 -0.1300 -0.9058
vn -0.2885 0.7049 -0.6480
vn -0.1572 -0.9223 -0.3530
vn -0.3930 -0.2577 -0.8827
vn -0.3233 0.6067 -0.7262
vn -0.1069 -0.9648 -0.2401
vn -0.3527 0.4981 -0.7921
vn -0.2061 0.1300 -0.9699
vn -0.0803 0.9223 -0.3780
vn -0.1046 0.8641 -0.4923
vn -0.1271 -0.7913 -0.5981
vn -0.2079 -0.0000 -0.9781
vn -0.1271 0.7913 -0.5981
vn -0.1046 -0.8641 -0.4923
vn -0.2061 -0.1300 -0.9699
vn -0.1475 0.7049 -0.6938
vn -0.0803 -0.9223 -0.3780
vn -0.2009 -0.2577 -0.9451
vn -0.1653 0.6067 -0.7776
vn -0.0547 -0.9648 -0.2571
vn -0.1922 -0.3812 -0.9043
vn -0.1803 0.4981 -0.8482
vn -0.0280 -0.9909 -0.1319
vn -0.0280 0.9909 -0.1319
vn -0.1803 -0.4981 -0.8482
vn -0.1922 0.3812 -0.9043
vn -0.0547 0.9648 -0.2571
vn -0.1653 -0.6067 -0.7776
vn -0.2009 0.2577 -0.9451
vn -0.1475 -0.7049 -0.6938
vt 0.733333 0.875000
vt 0.700000 0.833333
vt 0.733333 0.833333
vt 0.733333 0.208333
vt 0.700000 0.250000
vt 0.700000 0.208333
vt 0.733333 0.541667
vt 0.700000 0.500000
vt 0.733333 0.500000
vt 0.700000 0.791667
vt 0.733333 0.791667
vt 0.733333 0.166667
vt 0.700000 0.166667
vt 0.700000 0.458333
vt 0.733333 0.458333
vt 0.700000 0.750000
vt 0.733333 0.750000
vt 0.700000 0.125000
vt 0.733333 0.125000
vt 0.700000 0.416667
vt 0.733333 0.416667
vt 0.700000 0.708333
vt 0.733333 0.708333
vt 0.733333 0.083333
vt 0.700000 0.083333
vt 0.733333 0.375000
vt 0.700000 0.375000
vt 0.700000 0.666667
vt 0.733333 0.666667
vt 0.733333 0.041667
vt 0.700000 0.041667
vt 0.733333 0.958333
vt 0.716667 1.000000
vt 0.700000 0.958333
vt 0.733333 0.333333
vt 0.700000 0.333333
vt 0.700000 0.625000
vt 0.733333 0.625000
vt 0.716667 0.000000
vt 0.700000 0.916667
vt 0.733333 0.916667
vt 0.733333 0.291667
vt 0.700000 0.291667
vt 0.700000 0.583333
vt 0.733333 0.583333
vt 0.700000 0.875000
vt 0.733333 0.250000
vt 0.700000 0.541667
vt 0.666667 0.916667
vt 0.666667 0.291667
vt 0.666667 0.583333
vt 0.666667 0.875000
vt 0.666667 0.250000
vt 0.666667 0.541667
vt 0.666667 0.833333
vt 0.666667 0.208333
vt 0.666667 0.500000
vt 0.666667 0.791667
vt 0.666667 0.166667
vt 0.666667 0.458333
vt 0.666667 0.750000
vt 0.666667 0.125000
vt 0.666667 0.416667
vt 0.666667 0.708333
vt 0.666667 0.083333
vt 0.666667 0.375000
vt 0.666667 0.666667
vt 0.666667 0.041667
vt 0.683333 1.000000
vt 0.666667 0.958333
vt 0.666667 0.333333
vt 0.666667 0.625000
vt 0.683333 0.000000
vt 0.633333 0.791667
vt 0.633333 0.166667
vt 0.633333 0.500000
vt 0.633333 0.458333
vt 0.633333 0.750000
vt 0.633333 0.125000
vt 0.633333 0.416667
vt 0.633333 0.708333
vt 0.633333 0.083333
vt 0.633333 0.375000
vt 0.633333 0.666667
vt 0.633333 0.041667
vt 0.650000 1.000000
vt 0.633333 0.958333
vt 0.633333 0.333333
vt 0.633333 0.625000
vt 0.650000 0.000000
vt 0.633333 0.916667
vt 0.633333 0.291667
vt 0.633333 0.583333
vt 0.633333 0.875000
vt 0.633333 0.250000
vt 0.633333 0.541667
vt 0.633333 0.833333
vt 0.633333 0.208333
vt 0.600000 0.375000
vt 0.600000 0.666667
vt 0.600000 0.041667
vt 0.616667 1.000000
vt 0.600000 0.958333
vt 0.600000 0.333333
vt 0.600000 0.625000
vt 0.616667 0.000000
vt 0.600000 0.916667
vt 0.600000 0.291667
vt 0.600000 0.583333
vt 0.600000 0.875000
vt 0.600000 0.250000
vt 0.600000 0.541667
vt 0.600000 0.833333
vt 0.600000 0.208333
vt 0.600000 0.500000
vt 0.600000 0.791667
vt 0.600000 0.166667
vt 0.600000 0.458333
vt 0.600000 0.750000
vt 0.600000 0.125000
vt 0.600000 0.416667
vt 0.600000 0.708333
vt 0.600000 0.083333
vt 0.566667 0.916667
vt 0.566667 0.875000
vt 0.566667 0.250000
vt 0.566667 0.541667
vt 0.566667 0.833333
vt 0.566667 0.208333
vt 0.566667 0.500000
vt 0.566667 0.791667
vt 0.566667 0.166667
vt 0.566667 0.458333
vt 0.566667 0.750000
vt 0.566667 0.125000
vt 0.566667 0.416667
vt 0.566667 0.708333
vt 0.566667 0.083333
vt 0.566667 0.375000
vt 0.566667 0.666667
vt 0.566667 0.041667
vt 0.583333 1.000000
vt 0.566667 0.958333
vt 0.566667 0.333333
vt 0.566667 0.625000
vt 0.583333 0.000000
vt 0.566667 0.291667
vt 0.566667 0.583333
vt 0.533333 0.750000
vt 0.533333 0.125000
vt 0.533333 0.416667
vt 0.533333 0.708333
vt 0.533333 0.083333
vt 0.533333 0.375000
vt 0.533333 0.666667
vt 0.533333 0.041667
vt 0.550000 1.000000
vt 0.533333 0.958333
vt 0.533333 0.333333
vt 0.533333 0.625000
vt 0.550000 0.000000
vt 0.533333 0.916667
vt 0.533333 0.291667
vt 0.533333 0.583333
vt 0.533333 0.875000
vt 0.533333 0.250000
vt 0.533333 0.541667
vt 0.533333 0.833333
vt 0.533333 0.208333
vt 0.533333 0.500000
vt 0.533333 0.791667
vt 0.533333 0.166667
vt 0.533333 0.458333
vt 0.500000 0.375000
vt 0.500000 0.333333
vt 0.500000 0.625000
vt 0.516667 0.000000
vt 0.500000 0.041667
vt 0.500000 0.916667
vt 0.500000 0.291667
vt 0.500000 0.583333
vt 0.500000 0.875000
vt 0.500000 0.250000
vt 0.500000 0.541667
vt 0.500000 0.833333
vt 0.500000 0.208333
vt 0.500000 0.500000
vt 0.500000 0.791667
vt 0.500000 0.166667
vt 0.500000 0.458333
vt 0.500000 0.750000
vt 0.500000 0.125000
vt 0.500000 0.416667
vt 0.500000 0.708333
vt 0.500000 0.083333
vt 0.500000 0.666667
vt 0.516667 1.000000
vt 0.500000 0.958333
vt 0.466667 0.875000
vt 0.466667 0.833333
vt 0.466667 0.250000
vt 0.466667 0.208333
vt 0.466667 0.500000
vt 0.466667 0.791667
vt 0.466667 0.166667
vt 0.466667 0.458333
vt 0.466667 0.750000
vt 0.466667 0.125000
vt 0.466667 0.416667
vt 0.466667 0.708333
vt 0.466667 0.083333
vt 0.466667 0.375000
vt 0.466667 0.666667
vt 0.466667 0.041667
vt 0.483333 1.000000
vt 0.466667 0.958333
vt 0.466667 0.333333
vt 0.466667 0.625000
vt 0.483333 0.000000
vt 0.466667 0.916667
vt 0.466667 0.291667
vt 0.466667 0.583333
vt 0.466667 0.541667
vt 0.433333 0.750000
vt 0.433333 0.708333
vt 0.433333 0.125000
vt 0.433333 0.083333
vt 0.433333 0.416667
vt 0.433333 0.375000
vt 0.433333 0.666667
vt 0.433333 0.041667
vt 0.450000 1.000000
vt 0.433333 0.958333
vt 0.433333 0.333333
vt 0.433333 0.625000
vt 0.450000 0.000000
vt 0.433333 0.916667
vt 0.433333 0.291667
vt 0.433333 0.583333
vt 0.433333 0.875000
vt 0.433333 0.250000
vt 0.433333 0.541667
vt 0.433333 0.833333
vt 0.433333 0.208333
vt 0.433333 0.500000
vt 0.433333 0.791667
vt 0.433333 0.166667
vt 0.433333 0.458333
vt 0.400000 0.291667
vt 0.400000 0.583333
vt 0.400000 0.875000
vt 0.400000 0.250000
vt 0.400000 0.541667
vt 0.400000 0.833333
vt 0.400000 0.208333
vt 0.400000 0.500000
vt 0.400000 0.791667
vt 0.400000 0.166667
vt 0.400000 0.458333
vt 0.400000 0.750000
vt 0.400000 0.125000
vt 0.400000 0.416667
vt 0.400000 0.708333
vt 0.400000 0.083333
vt 0.400000 0.375000
vt 0.400000 0.666667
vt 0.400000 0.041667
vt 0.416667 1.000000
vt 0.400000 0.958333
vt 0.400000 0.333333
vt 0.400000 0.625000
vt 0.416667 0.000000
vt 0.400000 0.916667
vt 0.366667 0.791667
vt 0.366667 0.166667
vt 0.366667 0.500000
vt 0.366667 0.458333
vt 0.366667 0.750000
vt 0.366667 0.125000
vt 0.366667 0.416667
vt 0.366667 0.708333
vt 0.366667 0.083333
vt 0.366667 0.375000
vt 0.366667 0.666667
vt 0.366667 0.041667
vt 0.383333 1.000000
vt 0.366667 0.958333
vt 0.366667 0.333333
vt 0.366667 0.625000
vt 0.383333 0.000000
vt 0.366667 0.916667
vt 0.366667 0.291667
vt 0.366667 0.583333
vt 0.366667 0.875000
vt 0.366667 0.250000
vt 0.366667 0.541667
vt 0.366667 0.833333
vt 0.366667 0.208333
vt 0.333333 0.666667
vt 0.333333 0.041667
vt 0.350000 1.000000
vt 0.333333 0.958333
vt 0.333333 0.333333
vt 0.333333 0.625000
vt 0.350000 0.000000
vt 0.333333 0.916667
vt 0.333333 0.291667
vt 0.333333 0.583333
vt 0.333333 0.875000
vt 0.333333 0.250000
vt 0.333333 0.541667
vt 0.333333 0.833333
vt 0.333333 0.208333
vt 0.333333 0.500000
vt 0.333333 0.791667
vt 0.333333 0.166667
vt 0.333333 0.458333
vt 0.333333 0.750000
vt 0.333333 0.125000
vt 0.333333 0.416667
vt 0.333333 0.708333
vt 0.333333 0.083333
vt 0.333333 0.375000
vt 0.300000 0.250000
vt 0.300000 0.583333
vt 0.300000 0.541667
vt 0.300000 0.875000
vt 0.300000 0.833333
vt 0.300000 0.208333
vt 0.300000 0.500000
vt 0.300000 0.791667
vt 0.300000 0.166667
vt 0.300000 0.458333
vt 0.300000 0.750000
vt 0.300000 0.125000
vt 0.300000 0.416667
vt 0.300000 0.708333
vt 0.300000 0.083333
vt 0.300000 0.375000
vt 0.300000 0.666667
vt 0.300000 0.041667
vt 0.316667 1.000000
vt 0.300000 0.958333
vt 0.300000 0.333333
vt 0.300000 0.625000
vt 0.316667 0.000000
vt 0.300000 0.916667
vt 0.300000 0.291667
vt 0.266667 0.750000
vt 0.266667 0.125000
vt 0.266667 0.458333
vt 0.266667 0.416667
vt 0.266667 0.708333
vt 0.266667 0.083333
vt 0.266667 0.375000
vt 0.266667 0.666667
vt 0.266667 0.041667
vt 0.283333 1.000000
vt 0.266667 0.958333
vt 0.266667 0.333333
vt 0.266667 0.625000
vt 0.283333 0.000000
vt 0.266667 0.916667
vt 0.266667 0.291667
vt 0.266667 0.583333
vt 0.266667 0.875000
vt 0.266667 0.250000
vt 0.266667 0.541667
vt 0.266667 0.833333
vt 0.266667 0.208333
vt 0.266667 0.500000
vt 0.266667 0.791667
vt 0.266667 0.166667
vt 0.233333 0.625000
vt 0.250000 0.000000
vt 0.233333 0.041667
vt 0.233333 0.916667
vt 0.233333 0.333333
vt 0.233333 0.291667
vt 0.233333 0.583333
vt 0.233333 0.875000
vt 0.233333 0.250000
vt 0.233333 0.541667
vt 0.233333 0.833333
vt 0.233333 0.208333
vt 0.233333 0.500000
vt 0.233333 0.791667
vt 0.233333 0.166667
vt 0.233333 0.458333
vt 0.233333 0.750000
vt 0.233333 0.125000
vt 0.233333 0.416667
vt 0.233333 0.708333
vt 0.233333 0.083333
vt 0.233333 0.375000
vt 0.233333 0.666667
vt 0.250000 1.000000
vt 0.233333 0.958333
vt 0.200000 0.250000
vt 0.200000 0.208333
vt 0.200000 0.500000
vt 0.200000 0.833333
vt 0.200000 0.791667
vt 0.200000 0.166667
vt 0.200000 0.458333
vt 0.200000 0.750000
vt 0.200000 0.125000
vt 0.200000 0.416667
vt 0.200000 0.708333
vt 0.200000 0.083333
vt 0.200000 0.375000
vt 0.200000 0.666667
vt 0.200000 0.041667
vt 0.216667 1.000000
vt 0.200000 0.958333
vt 0.200000 0.333333
vt 0.200000 0.625000
vt 0.216667 0.000000
vt 0.200000 0.916667
vt 0.200000 0.291667
vt 0.200000 0.583333
vt 0.200000 0.875000
vt 0.200000 0.541667
vt 0.166667 0.750000
vt 0.166667 0.708333
vt 0.166667 0.125000
vt 0.166667 0.083333
vt 0.166667 0.375000
vt 0.166667 0.666667
vt 0.166667 0.041667
vt 0.183333 1.000000
vt 0.166667 0.958333
vt 0.166667 0.333333
vt 0.166667 0.625000
vt 0.183333 0.000000
vt 0.166667 0.916667
vt 0.166667 0.291667
vt 0.166667 0.583333
vt 0.166667 0.875000
vt 0.166667 0.250000
vt 0.166667 0.541667
vt 0.166667 0.833333
vt 0.166667 0.208333
vt 0.166667 0.500000
vt 0.166667 0.791667
vt 0.166667 0.166667
vt 0.166667 0.458333
vt 0.166667 0.416667
vt 0.133333 0.583333
vt 0.133333 0.916667
vt 0.133333 0.875000
vt 0.133333 0.250000
vt 0.133333 0.541667
vt 0.133333 0.833333
vt 0.133333 0.208333
vt 0.133333 0.500000
vt 0.133333 0.791667
vt 0.133333 0.166667
vt 0.133333 0.458333
vt 0.133333 0.750000
vt 0.133333 0.125000
vt 0.133333 0.416667
vt 0.133333 0.708333
vt 0.133333 0.083333
vt 0.133333 0.375000
vt 0.133333 0.666667
vt 0.133333 0.041667
vt 0.150000 1.000000
vt 0.133333 0.958333
vt 0.133333 0.333333
vt 0.133333 0.625000
vt 0.150000 0.000000
vt 0.133333 0.291667
vt 0.100000 0.208333
vt 0.100000 0.166667
vt 0.100000 0.458333
vt 0.100000 0.750000
vt 0.100000 0.125000
vt 0.100000 0.416667
vt 0.100000 0.708333
vt 0.100000 0.083333
vt 0.100000 0.375000
vt 0.100000 0.666667
vt 0.100000 0.041667
vt 0.116667 1.000000
vt 0.100000 0.958333
vt 0.100000 0.333333
vt 0.100000 0.625000
vt 0.116667 0.000000
vt 0.100000 0.916667
vt 0.100000 0.291667
vt 0.100000 0.583333
vt 0.100000 0.875000
vt 0.100000 0.250000
vt 0.100000 0.541667
vt 0.100000 0.833333
vt 0.100000 0.500000
vt 0.100000 0.791667
vt 0.066667 0.708333
vt 0.066667 0.666667
vt 0.066667 0.041667
vt 0.083333 1.000000
vt 0.066667 0.958333
vt 0.066667 0.333333
vt 0.066667 0.625000
vt 0.083333 0.000000
vt 0.066667 0.916667
vt 0.066667 0.291667
vt 0.066667 0.583333
vt 0.066667 0.875000
vt 0.066667 0.250000
vt 0.066667 0.541667
vt 0.066667 0.833333
vt 0.066667 0.208333
vt 0.066667 0.500000
vt 0.066667 0.791667
vt 0.066667 0.166667
vt 0.066667 0.458333
vt 0.066667 0.750000
vt 0.066667 0.125000
vt 0.066667 0.416667
vt 0.066667 0.083333
vt 0.066667 0.375000
vt 0.033333 0.541667
vt 0.033333 0.875000
vt 0.033333 0.833333
vt 0.033333 0.250000
vt 0.033333 0.208333
vt 0.033333 0.500000
vt 0.033333 0.791667
vt 0.033333 0.166667
vt 0.033333 0.458333
vt 0.033333 0.750000
vt 0.033333 0.125000
vt 0.033333 0.416667
vt 0.033333 0.708333
vt 0.033333 0.083333
vt 0.033333 0.375000
vt 0.033333 0.666667
vt 0.033333 0.041667
vt 0.050000 1.000000
vt 0.033333 0.958333
vt 0.033333 0.333333
vt 0.033333 0.625000
vt 0.050000 0.000000
vt 0.033333 0.916667
vt 0.033333 0.291667
vt 0.033333 0.583333
vt 0.000000 0.125000
vt 0.000000 0.458333
vt 0.000000 0.416667
vt 0.000000 0.750000
vt 0.000000 0.708333
vt 0.000000 0.083333
vt 0.000000 0.375000
vt 0.000000 0.666667
vt 0.000000 0.041667
vt 0.016667 1.000000
vt 0.000000 0.958333
vt 0.000000 0.333333
vt 0.000000 0.625000
vt 0.016667 0.000000
vt 0.000000 0.916667
vt 0.000000 0.291667
vt 0.000000 0.583333
vt 0.000000 0.875000
vt 0.000000 0.250000
vt 0.000000 0.541667
vt 0.000000 0.833333
vt 0.000000 0.208333
vt 0.000000 0.500000
vt 0.000000 0.791667
vt 0.000000 0.166667
vt 1.000000 0.666667
vt 0.966667 0.625000
vt 1.000000 0.625000
vt 0.983333 0.000000
vt 1.000000 0.041667
vt 0.966667 0.041667
vt 1.000000 0.916667
vt 0.966667 0.958333
vt 0.966667 0.916667
vt 1.000000 0.333333
vt 0.966667 0.291667
vt 1.000000 0.291667
vt 0.966667 0.583333
vt 1.000000 0.583333
vt 0.966667 0.875000
vt 1.000000 0.875000
vt 0.966667 0.250000
vt 1.000000 0.250000
vt 0.966667 0.541667
vt 1.000000 0.541667
vt 1.000000 0.833333
vt 0.966667 0.833333
vt 1.000000 0.208333
vt 0.966667 0.208333
vt 1.000000 0.500000
vt 0.966667 0.500000
vt 0.966667 0.791667
vt 1.000000 0.791667
vt 1.000000 0.166667
vt 0.966667 0.166667
vt 0.966667 0.458333
vt 1.000000 0.458333
vt 0.966667 0.750000
vt 1.000000 0.750000
vt 0.966667 0.125000
vt 1.000000 0.125000
vt 1.000000 0.416667
vt 0.966667 0.416667
vt 1.000000 0.708333
vt 0.966667 0.708333
vt 0.966667 0.083333
vt 1.000000 0.083333
vt 1.000000 0.375000
vt 0.966667 0.375000
vt 0.966667 0.666667
vt 1.000000 0.958333
vt 0.983333 1.000000
vt 0.966667 0.333333
vt 0.933333 0.541667
vt 0.933333 0.500000
vt 0.933333 0.791667
vt 0.933333 0.208333
vt 0.933333 0.166667
vt 0.933333 0.458333
vt 0.933333 0.750000
vt 0.933333 0.125000
vt 0.933333 0.416667
vt 0.933333 0.708333
vt 0.933333 0.083333
vt 0.933333 0.375000
vt 0.933333 0.666667
vt 0.933333 0.041667
vt 0.950000 1.000000
vt 0.933333 0.958333
vt 0.933333 0.333333
vt 0.933333 0.625000
vt 0.950000 0.000000
vt 0.933333 0.916667
vt 0.933333 0.291667
vt 0.933333 0.583333
vt 0.933333 0.875000
vt 0.933333 0.250000
vt 0.933333 0.833333
vt 0.900000 0.125000
vt 0.900000 0.083333
vt 0.900000 0.375000
vt 0.900000 0.708333
vt 0.900000 0.666667
vt 0.900000 0.041667
vt 0.916667 1.000000
vt 0.900000 0.958333
vt 0.900000 0.333333
vt 0.900000 0.625000
vt 0.916667 0.000000
vt 0.900000 0.916667
vt 0.900000 0.291667
vt 0.900000 0.583333
vt 0.900000 0.875000
vt 0.900000 0.250000
vt 0.900000 0.541667
vt 0.900000 0.833333
vt 0.900000 0.208333
vt 0.900000 0.500000
vt 0.900000 0.791667
vt 0.900000 0.166667
vt 0.900000 0.458333
vt 0.900000 0.750000
vt 0.900000 0.416667
vt 0.866667 0.583333
vt 0.866667 0.875000
vt 0.866667 0.250000
vt 0.866667 0.541667
vt 0.866667 0.833333
vt 0.866667 0.208333
vt 0.866667 0.500000
vt 0.866667 0.791667
vt 0.866667 0.166667
vt 0.866667 0.458333
vt 0.866667 0.750000
vt 0.866667 0.125000
vt 0.866667 0.416667
vt 0.866667 0.708333
vt 0.866667 0.083333
vt 0.866667 0.375000
vt 0.866667 0.666667
vt 0.866667 0.041667
vt 0.883333 1.000000
vt 0.866667 0.958333
vt 0.866667 0.333333
vt 0.866667 0.625000
vt 0.883333 0.000000
vt 0.866667 0.916667
vt 0.866667 0.291667
vt 0.833333 0.458333
vt 0.833333 0.750000
vt 0.833333 0.125000
vt 0.833333 0.416667
vt 0.833333 0.708333
vt 0.833333 0.083333
vt 0.833333 0.375000
vt 0.833333 0.666667
vt 0.833333 0.041667
vt 0.850000 1.000000
vt 0.833333 0.958333
vt 0.833333 0.333333
vt 0.833333 0.625000
vt 0.850000 0.000000
vt 0.833333 0.916667
vt 0.833333 0.291667
vt 0.833333 0.583333
vt 0.833333 0.875000
vt 0.833333 0.250000
vt 0.833333 0.541667
vt 0.833333 0.833333
vt 0.833333 0.208333
vt 0.833333 0.500000
vt 0.833333 0.791667
vt 0.833333 0.166667
vt 0.800000 0.041667
vt 0.816667 1.000000
vt 0.800000 0.958333
vt 0.800000 0.375000
vt 0.800000 0.333333
vt 0.800000 0.625000
vt 0.816667 0.000000
vt 0.800000 0.916667
vt 0.800000 0.291667
vt 0.800000 0.583333
vt 0.800000 0.875000
vt 0.800000 0.250000
vt 0.800000 0.541667
vt 0.800000 0.833333
vt 0.800000 0.208333
vt 0.800000 0.500000
vt 0.800000 0.791667
vt 0.800000 0.166667
vt 0.800000 0.458333
vt 0.800000 0.750000
vt 0.800000 0.125000
vt 0.800000 0.416667
vt 0.800000 0.708333
vt 0.800000 0.083333
vt 0.800000 0.666667
vt 0.766667 0.541667
vt 0.766667 0.875000
vt 0.766667 0.833333
vt 0.766667 0.208333
vt 0.766667 0.500000
vt 0.766667 0.791667
vt 0.766667 0.166667
vt 0.766667 0.458333
vt 0.766667 0.750000
vt 0.766667 0.125000
vt 0.766667 0.416667
vt 0.766667 0.708333
vt 0.766667 0.083333
vt 0.766667 0.375000
vt 0.766667 0.666667
vt 0.766667 0.041667
vt 0.783333 1.000000
vt 0.766667 0.958333
vt 0.766667 0.333333
vt 0.766667 0.625000
vt 0.783333 0.000000
vt 0.766667 0.916667
vt 0.766667 0.291667
vt 0.766667 0.583333
vt 0.766667 0.250000
vt 0.750000 1.000000
vt 0.750000 0.000000
s 1
f 2/1/1 18/2/2 3/3/3
f 690/4/4 32/5/5 33/6/6
f 6/7/7 26/8/8 7/9/9
f 3/3/3 19/10/10 684/11/11
f 12/12/12 33/6/6 34/13/13
f 7/9/9 27/14/14 8/15/15
f 684/11/11 20/16/16 685/17/17
f 12/12/12 35/18/18 13/19/19
f 8/15/15 28/20/20 9/21/21
f 685/17/17 21/22/22 686/23/23
f 691/24/24 35/18/18 36/25/25
f 10/26/26 28/20/20 29/27/27
f 686/23/23 22/28/28 687/29/29
f 14/30/30 36/25/25 37/31/31
f 1/32/32 107/33/33 15/34/34
f 688/35/35 29/27/27 30/36/36
f 687/29/29 23/37/37 4/38/38
f 692/39/39 14/30/30 37/31/31
f 1/32/32 16/40/40 683/41/41
f 11/42/42 30/36/36 31/43/43
f 4/38/38 24/44/44 5/45/45
f 683/41/41 17/46/46 2/1/1
f 689/47/47 31/43/43 32/5/5
f 5/45/45 25/48/48 6/7/7
f 15/34/34 39/49/49 16/40/40
f 30/36/36 54/50/50 31/43/43
f 23/37/37 47/51/51 24/44/44
f 16/40/40 40/52/52 17/46/46
f 31/43/43 55/53/53 32/5/5
f 25/48/48 47/51/51 48/54/54
f 17/46/46 41/55/55 18/2/2
f 32/5/5 56/56/56 33/6/6
f 25/48/48 49/57/57 26/8/8
f 19/10/10 41/55/55 42/58/58
f 33/6/6 57/59/59 34/13/13
f 26/8/8 50/60/60 27/14/14
f 19/10/10 43/61/61 20/16/16
f 34/13/13 58/62/62 35/18/18
f 27/14/14 51/63/63 28/20/20
f 21/22/22 43/61/61 44/64/64
f 35/18/18 59/65/65 36/25/25
f 29/27/27 51/63/63 52/66/66
f 21/22/22 45/67/67 22/28/28
f 36/25/25 60/68/68 37/31/31
f 15/34/34 107/69/33 38/70/69
f 29/27/27 53/71/70 30/36/36
f 22/28/28 46/72/71 23/37/37
f 692/73/39 37/31/31 60/68/68
f 41/55/55 65/74/72 42/58/58
f 56/56/56 80/75/73 57/59/59
f 50/60/60 72/76/74 73/77/75
f 42/58/58 66/78/76 43/61/61
f 57/59/59 81/79/77 58/62/62
f 51/63/63 73/77/75 74/80/78
f 44/64/64 66/78/76 67/81/79
f 58/62/62 82/82/80 59/65/65
f 51/63/63 75/83/81 52/66/66
f 44/64/64 68/84/82 45/67/67
f 59/65/65 83/85/83 60/68/68
f 38/70/69 107/86/33 61/87/84
f 52/66/66 76/88/85 53/71/70
f 45/67/67 69/89/86 46/72/71
f 692/90/39 60/68/68 83/85/83
f 38/70/69 62/91/87 39/49/49
f 53/71/70 77/92/88 54/50/50
f 47/51/51 69/89/86 70/93/89
f 40/52/52 62/91/87 63/94/90
f 54/50/50 78/95/91 55/53/53
f 47/51/51 71/96/92 48/54/54
f 40/52/52 64/97/93 41/55/55
f 56/56/56 78/95/91 79/98/94
f 48/54/54 72/76/74 49/57/57
f 74/80/78 98/99/95 75/83/81
f 67/81/79 91/100/96 68/84/82
f 82/82/80 106/101/97 83/85/83
f 61/87/84 107/102/33 84/103/98
f 75/83/81 99/104/99 76/88/85
f 68/84/82 92/105/100 69/89/86
f 692/106/39 83/85/83 106/101/97
f 61/87/84 85/107/101 62/91/87
f 76/88/85 100/108/102 77/92/88
f 70/93/89 92/105/100 93/109/103
f 63/94/90 85/107/101 86/110/104
f 77/92/88 101/111/105 78/95/91
f 70/93/89 94/112/106 71/96/92
f 63/94/90 87/113/107 64/97/93
f 79/98/94 101/111/105 102/114/108
f 71/96/92 95/115/109 72/76/74
f 65/74/72 87/113/107 88/116/110
f 79/98/94 103/117/111 80/75/73
f 72/76/74 96/118/112 73/77/75
f 65/74/72 89/119/113 66/78/76
f 80/75/73 104/120/114 81/79/77
f 74/80/78 96/118/112 97/121/115
f 67/81/79 89/119/113 90/122/116
f 81/79/77 105/123/117 82/82/80
f 86/110/104 109/124/118 110/125/119
f 100/108/102 125/126/120 101/111/105
f 93/109/103 118/127/121 94/112/106
f 87/113/107 110/125/119 111/128/122
f 102/114/108 125/126/120 126/129/123
f 94/112/106 119/130/124 95/115/109
f 88/116/110 111/128/122 112/131/125
f 102/114/108 127/132/126 103/117/111
f 96/118/112 119/130/124 120/133/127
f 88/116/110 113/134/128 89/119/113
f 103/117/111 128/135/129 104/120/114
f 97/121/115 120/133/127 121/136/130
f 90/122/116 113/134/128 114/137/131
f 104/120/114 129/138/132 105/123/117
f 97/121/115 122/139/133 98/99/95
f 90/122/116 115/140/134 91/100/96
f 105/123/117 130/141/135 106/101/97
f 84/103/98 107/142/33 108/143/136
f 99/104/99 122/139/133 123/144/137
f 91/100/96 116/145/138 92/105/100
f 692/146/39 106/101/97 130/141/135
f 84/103/98 109/124/118 85/107/101
f 99/104/99 124/147/139 100/108/102
f 92/105/100 117/148/140 93/109/103
f 112/131/125 136/149/141 113/134/128
f 127/132/126 151/150/142 128/135/129
f 120/133/127 144/151/143 121/136/130
f 114/137/131 136/149/141 137/152/144
f 129/138/132 151/150/142 152/153/145
f 122/139/133 144/151/143 145/154/146
f 115/140/134 137/152/144 138/155/147
f 129/138/132 153/156/148 130/141/135
f 108/143/136 107/157/33 131/158/149
f 123/144/137 145/154/146 146/159/150
f 115/140/134 139/160/151 116/145/138
f 692/161/39 130/141/135 153/156/148
f 108/143/136 132/162/152 109/124/118
f 123/144/137 147/163/153 124/147/139
f 116/145/138 140/164/154 117/148/140
f 109/124/118 133/165/155 110/125/119
f 124/147/139 148/166/156 125/126/120
f 118/127/121 140/164/154 141/167/157
f 111/128/122 133/165/155 134/168/158
f 125/126/120 149/169/159 126/129/123
f 118/127/121 142/170/160 119/130/124
f 111/128/122 135/171/161 112/131/125
f 126/129/123 150/172/162 127/132/126
f 119/130/124 143/173/163 120/133/127
f 146/159/150 168/174/164 169/175/165
f 138/155/147 162/176/166 139/160/151
f 692/177/39 153/156/148 176/178/167
f 131/158/149 155/179/168 132/162/152
f 146/159/150 170/180/169 147/163/153
f 139/160/151 163/181/170 140/164/154
f 132/162/152 156/182/171 133/165/155
f 147/163/153 171/183/172 148/166/156
f 141/167/157 163/181/170 164/184/173
f 134/168/158 156/182/171 157/185/174
f 149/169/159 171/183/172 172/186/175
f 141/167/157 165/187/176 142/170/160
f 134/168/158 158/188/177 135/171/161
f 149/169/159 173/189/178 150/172/162
f 142/170/160 166/190/179 143/173/163
f 135/171/161 159/191/180 136/149/141
f 150/172/162 174/192/181 151/150/142
f 143/173/163 167/193/182 144/151/143
f 137/152/144 159/191/180 160/194/183
f 152/153/145 174/192/181 175/195/184
f 145/154/146 167/193/182 168/174/164
f 138/155/147 160/194/183 161/196/185
f 152/153/145 176/178/167 153/156/148
f 131/158/149 107/197/33 154/198/186
f 157/185/174 179/199/187 180/200/188
f 172/186/175 194/201/189 195/202/190
f 164/184/173 188/203/191 165/187/176
f 157/185/174 181/204/192 158/188/177
f 173/189/178 195/202/190 196/205/193
f 165/187/176 189/206/194 166/190/179
f 158/188/177 182/207/195 159/191/180
f 173/189/178 197/208/196 174/192/181
f 166/190/179 190/209/197 167/193/182
f 160/194/183 182/207/195 183/210/198
f 175/195/184 197/208/196 198/211/199
f 168/174/164 190/209/197 191/212/200
f 161/196/185 183/210/198 184/213/201
f 175/195/184 199/214/202 176/178/167
f 154/198/186 107/215/33 177/216/203
f 169/175/165 191/212/200 192/217/204
f 161/196/185 185/218/205 162/176/166
f 692/219/39 176/178/167 199/214/202
f 155/179/168 177/216/203 178/220/206
f 169/175/165 193/221/207 170/180/169
f 162/176/166 186/222/208 163/181/170
f 155/179/168 179/199/187 156/182/171
f 170/180/169 194/201/189 171/183/172
f 163/181/170 187/223/209 164/184/173
f 183/210/198 205/224/210 206/225/211
f 198/211/199 220/226/212 221/227/213
f 191/212/200 213/228/214 214/229/215
f 184/213/201 206/225/211 207/230/216
f 198/211/199 222/231/217 199/214/202
f 177/216/203 107/232/33 200/233/218
f 192/217/204 214/229/215 215/234/219
f 184/213/201 208/235/220 185/218/205
f 692/236/39 199/214/202 222/231/217
f 177/216/203 201/237/221 178/220/206
f 192/217/204 216/238/222 193/221/207
f 185/218/205 209/239/223 186/222/208
f 178/220/206 202/240/224 179/199/187
f 193/221/207 217/241/225 194/201/189
f 187/223/209 209/239/223 210/242/226
f 180/200/188 202/240/224 203/243/227
f 195/202/190 217/241/225 218/244/228
f 187/223/209 211/245/229 188/203/191
f 180/200/188 204/246/230 181/204/192
f 195/202/190 219/247/231 196/205/193
f 189/206/194 211/245/229 212/248/232
f 181/204/192 205/224/210 182/207/195
f 196/205/193 220/226/212 197/208/196
f 189/206/194 213/228/214 190/209/197
f 215/234/219 239/249/233 216/238/222
f 208/235/220 232/250/234 209/239/223
f 201/237/221 225/251/235 202/240/224
f 216/238/222 240/252/236 217/241/225
f 210/242/226 232/250/234 233/253/237
f 203/243/227 225/251/235 226/254/238
f 218/244/228 240/252/236 241/255/239
f 211/245/229 233/253/237 234/256/240
f 203/243/227 227/257/241 204/246/230
f 219/247/231 241/255/239 242/258/242
f 211/245/229 235/259/243 212/248/232
f 204/246/230 228/260/244 205/224/210
f 219/247/231 243/261/245 220/226/212
f 212/248/232 236/262/246 213/228/214
f 206/225/211 228/260/244 229/263/247
f 220/226/212 244/264/248 221/227/213
f 213/228/214 237/265/249 214/229/215
f 207/230/216 229/263/247 230/266/250
f 221/227/213 245/267/251 222/231/217
f 200/233/218 107/268/33 223/269/252
f 214/229/215 238/270/253 215/234/219
f 208/235/220 230/266/250 231/271/254
f 692/272/39 222/231/217 245/267/251
f 200/233/218 224/273/255 201/237/221
f 226/254/238 250/274/256 227/257/241
f 241/255/239 265/275/257 242/258/242
f 235/259/243 257/276/258 258/277/259
f 227/257/241 251/278/260 228/260/244
f 242/258/242 266/279/261 243/261/245
f 235/259/243 259/280/262 236/262/246
f 229/263/247 251/278/260 252/281/263
f 243/261/245 267/282/264 244/264/248
f 236/262/246 260/283/265 237/265/249
f 229/263/247 253/284/266 230/266/250
f 244/264/248 268/285/267 245/267/251
f 223/269/252 107/286/33 246/287/268
f 237/265/249 261/288/269 238/270/253
f 230/266/250 254/289/270 231/271/254
f 692/290/39 245/267/251 268/285/267
f 223/269/252 247/291/271 224/273/255
f 238/270/253 262/292/272 239/249/233
f 231/271/254 255/293/273 232/250/234
f 224/273/255 248/294/274 225/251/235
f 239/249/233 263/295/275 240/252/236
f 232/250/234 256/296/276 233/253/237
f 226/254/238 248/294/274 249/297/277
f 241/255/239 263/295/275 264/298/278
f 233/253/237 257/276/258 234/256/240
f 252/281/263 276/299/279 253/284/266
f 267/282/264 291/300/280 268/285/267
f 246/287/268 107/301/33 269/302/281
f 260/283/265 284/303/282 261/288/269
f 253/284/266 277/304/283 254/289/270
f 692/305/39 268/285/267 291/300/280
f 247/291/271 269/302/281 270/306/284
f 261/288/269 285/307/285 262/292/272
f 254/289/270 278/308/286 255/293/273
f 247/291/271 271/309/287 248/294/274
f 262/292/272 286/310/288 263/295/275
f 255/293/273 279/311/289 256/296/276
f 249/297/277 271/309/287 272/312/290
f 264/298/278 286/310/288 287/313/291
f 256/296/276 280/314/292 257/276/258
f 249/297/277 273/315/293 250/274/256
f 265/275/257 287/313/291 288/316/294
f 257/276/258 281/317/295 258/277/259
f 250/274/256 274/318/296 251/278/260
f 265/275/257 289/319/297 266/279/261
f 258/277/259 282/320/298 259/280/262
f 252/281/263 274/318/296 275/321/299
f 266/279/261 290/322/300 267/282/264
f 259/280/262 283/323/301 260/283/265
f 285/307/285 309/324/302 286/310/288
f 279/311/289 301/325/303 302/326/304
f 272/312/290 294/327/305 295/328/306
f 286/310/288 310/329/307 287/313/291
f 280/314/292 302/326/304 303/330/308
f 272/312/290 296/331/309 273/315/293
f 288/316/294 310/329/307 311/332/310
f 280/314/292 304/333/311 281/317/295
f 274/318/296 296/331/309 297/334/312
f 288/316/294 312/335/313 289/319/297
f 281/317/295 305/336/314 282/320/298
f 275/321/299 297/334/312 298/337/315
f 290/322/300 312/335/313 313/338/316
f 282/320/298 306/339/317 283/323/301
f 275/321/299 299/340/318 276/299/279
f 290/322/300 314/341/319 291/300/280
f 269/302/281 107/342/33 292/343/320
f 283/323/301 307/344/321 284/303/282
f 277/304/283 299/340/318 300/345/322
f 692/346/39 291/300/280 314/341/319
f 269/302/281 293/347/323 270/306/284
f 285/307/285 307/344/321 308/348/324
f 277/304/283 301/325/303 278/308/286
f 270/306/284 294/327/305 271/309/287
f 296/331/309 320/349/325 297/334/312
f 311/332/310 335/350/326 312/335/313
f 305/336/314 327/351/327 328/352/328
f 298/337/315 320/349/325 321/353/329
f 313/338/316 335/350/326 336/354/330
f 305/336/314 329/355/331 306/339/317
f 298/337/315 322/356/332 299/340/318
f 313/338/316 337/357/333 314/341/319
f 292/343/320 107/358/33 315/359/334
f 306/339/317 330/360/335 307/344/321
f 300/345/322 322/356/332 323/361/336
f 692/362/39 314/341/319 337/357/333
f 293/347/323 315/359/334 316/363/337
f 308/348/324 330/360/335 331/364/338
f 300/345/322 324/365/339 301/325/303
f 293/347/323 317/366/340 294/327/305
f 308/348/324 332/367/341 309/324/302
f 301/325/303 325/368/342 302/326/304
f 295/328/306 317/366/340 318/369/343
f 310/329/307 332/367/341 333/370/344
f 303/330/308 325/368/342 326/371/345
f 295/328/306 319/372/346 296/331/309
f 311/332/310 333/370/344 334/373/347
f 303/330/308 327/351/327 304/333/311
f 322/356/332 346/374/348 323/361/336
f 692/375/39 337/357/333 360/376/349
f 315/359/334 339/377/350 316/363/337
f 331/364/338 353/378/351 354/379/352
f 323/361/336 347/380/353 324/365/339
f 316/363/337 340/381/354 317/366/340
f 331/364/338 355/382/355 332/367/341
f 324/365/339 348/383/356 325/368/342
f 318/369/343 340/381/354 341/384/357
f 332/367/341 356/385/358 333/370/344
f 325/368/342 349/386/359 326/371/345
f 319/372/346 341/384/357 342/387/360
f 333/370/344 357/388/361 334/373/347
f 326/371/345 350/389/362 327/351/327
f 319/372/346 343/390/363 320/349/325
f 334/373/347 358/391/364 335/350/326
f 327/351/327 351/392/365 328/352/328
f 321/353/329 343/390/363 344/393/366
f 336/354/330 358/391/364 359/394/367
f 328/352/328 352/395/368 329/355/331
f 321/353/329 345/396/369 322/356/332
f 336/354/330 360/376/349 337/357/333
f 315/359/334 107/397/33 338/398/370
f 330/360/335 352/395/368 353/378/351
f 356/385/358 378/399/371 379/400/372
f 348/383/356 372/401/373 349/386/359
f 342/387/360 364/402/374 365/403/375
f 356/385/358 380/404/376 357/388/361
f 349/386/359 373/405/377 350/389/362
f 343/390/363 365/403/375 366/406/378
f 357/388/361 381/407/379 358/391/364
f 350/389/362 374/408/380 351/392/365
f 344/393/366 366/406/378 367/409/381
f 358/391/364 382/410/382 359/394/367
f 351/392/365 375/411/383 352/395/368
f 344/393/366 368/412/384 345/396/369
f 359/394/367 383/413/385 360/376/349
f 338/398/370 107/414/33 361/415/386
f 352/395/368 376/416/387 353/378/351
f 345/396/369 369/417/388 346/374/348
f 692/418/39 360/376/349 383/413/385
f 339/377/350 361/415/386 362/419/389
f 354/379/352 376/416/387 377/420/390
f 346/374/348 370/421/391 347/380/353
f 340/381/354 362/419/389 363/422/392
f 354/379/352 378/399/371 355/382/355
f 347/380/353 371/423/393 348/383/356
f 341/384/357 363/422/392 364/402/374
f 367/409/381 389/424/394 390/425/395
f 382/410/382 404/426/396 405/427/397
f 374/408/380 398/428/398 375/411/383
f 367/409/381 391/429/399 368/412/384
f 383/413/385 405/427/397 406/430/400
f 361/415/386 107/431/33 384/432/401
f 375/411/383 399/433/402 376/416/387
f 368/412/384 392/434/403 369/417/388
f 692/435/39 383/413/385 406/430/400
f 361/415/386 385/436/404 362/419/389
f 377/420/390 399/433/402 400/437/405
f 369/417/388 393/438/406 370/421/391
f 362/419/389 386/439/407 363/422/392
f 377/420/390 401/440/408 378/399/371
f 371/423/393 393/438/406 394/441/409
f 363/422/392 387/442/410 364/402/374
f 378/399/371 402/443/411 379/400/372
f 372/401/373 394/441/409 395/444/412
f 364/402/374 388/445/413 365/403/375
f 380/404/376 402/443/411 403/446/414
f 372/401/373 396/447/415 373/405/377
f 365/403/375 389/424/394 366/406/378
f 380/404/376 404/426/396 381/407/379
f 373/405/377 397/448/416 374/408/380
f 392/434/403 416/449/417 393/438/406
f 386/439/407 408/450/418 409/451/419
f 400/437/405 424/452/420 401/440/408
f 394/441/409 416/449/417 417/453/421
f 387/442/410 409/451/419 410/454/422
f 401/440/408 425/455/423 402/443/411
f 395/444/412 417/453/421 418/456/424
f 387/442/410 411/457/425 388/445/413
f 403/446/414 425/455/423 426/458/426
f 395/444/412 419/459/427 396/447/415
f 389/424/394 411/457/425 412/460/428
f 403/446/414 427/461/429 404/426/396
f 396/447/415 420/462/430 397/448/416
f 390/425/395 412/460/428 413/463/431
f 404/426/396 428/464/432 405/427/397
f 397/448/416 421/465/433 398/428/398
f 390/425/395 414/466/434 391/429/399
f 405/427/397 429/467/435 406/430/400
f 384/432/401 107/468/33 407/469/436
f 399/433/402 421/465/433 422/470/437
f 391/429/399 415/471/438 392/434/403
f 692/472/39 406/430/400 429/467/435
f 384/432/401 408/450/418 385/436/404
f 399/433/402 423/473/439 400/437/405
f 426/458/426 448/474/440 449/475/441
f 418/456/424 442/476/442 419/459/427
f 411/457/425 435/477/443 412/460/428
f 426/458/426 450/478/444 427/461/429
f 419/459/427 443/479/445 420/462/430
f 413/463/431 435/477/443 436/480/446
f 428/464/432 450/478/444 451/481/447
f 420/462/430 444/482/448 421/465/433
f 413/463/431 437/483/449 414/466/434
f 428/464/432 452/484/450 429/467/435
f 407/469/436 107/485/33 430/486/451
f 421/465/433 445/487/452 422/470/437
f 414/466/434 438/488/453 415/471/438
f 692/489/39 429/467/435 452/484/450
f 407/469/436 431/490/454 408/450/418
f 422/470/437 446/491/455 423/473/439
f 415/471/438 439/492/456 416/449/417
f 408/450/418 432/493/457 409/451/419
f 423/473/439 447/494/458 424/452/420
f 416/449/417 440/495/459 417/453/421
f 410/454/422 432/493/457 433/496/460
f 425/455/423 447/494/458 448/474/440
f 417/453/421 441/497/461 418/456/424
f 410/454/422 434/498/462 411/457/425
f 437/483/449 459/499/463 460/500/464
f 451/481/447 475/501/465 452/484/450
f 430/486/451 107/502/33 453/503/466
f 444/482/448 468/504/467 445/487/452
f 437/483/449 461/505/468 438/488/453
f 692/506/39 452/484/450 475/501/465
f 430/486/451 454/507/469 431/490/454
f 445/487/452 469/508/470 446/491/455
f 438/488/453 462/509/471 439/492/456
f 431/490/454 455/510/472 432/493/457
f 446/491/455 470/511/473 447/494/458
f 439/492/456 463/512/474 440/495/459
f 433/496/460 455/510/472 456/513/475
f 448/474/440 470/511/473 471/514/476
f 441/497/461 463/512/474 464/515/477
f 433/496/460 457/516/478 434/498/462
f 449/475/441 471/514/476 472/517/479
f 441/497/461 465/518/480 442/476/442
f 434/498/462 458/519/481 435/477/443
f 449/475/441 473/520/482 450/478/444
f 443/479/445 465/518/480 466/521/483
f 436/480/446 458/519/481 459/499/463
f 451/481/447 473/520/482 474/522/484
f 444/482/448 466/521/483 467/523/485
f 462/509/471 486/524/486 463/512/474
f 456/513/475 478/525/487 479/526/488
f 471/514/476 493/527/489 494/528/490
f 464/515/477 486/524/486 487/529/491
f 456/513/475 480/530/492 457/516/478
f 472/517/479 494/528/490 495/531/493
f 464/515/477 488/532/494 465/518/480
f 457/516/478 481/533/495 458/519/481
f 472/517/479 496/534/496 473/520/482
f 466/521/483 488/532/494 489/535/497
f 459/499/463 481/533/495 482/536/498
f 474/522/484 496/534/496 497/537/499
f 466/521/483 490/538/500 467/523/485
f 460/500/464 482/536/498 483/539/501
f 474/522/484 498/540/502 475/501/465
f 453/503/466 107/541/33 476/542/503
f 467/523/485 491/543/504 468/504/467
f 460/500/464 484/544/505 461/505/468
f 692/545/39 475/501/465 498/540/502
f 453/503/466 477/546/506 454/507/469
f 468/504/467 492/547/507 469/508/470
f 461/505/468 485/548/508 462/509/471
f 454/507/469 478/525/487 455/510/472
f 469/508/470 493/527/489 470/511/473
f 495/531/493 519/549/509 496/534/496
f 489/535/497 511/550/510 512/551/511
f 482/536/498 504/552/512 505/553/513
f 497/537/499 519/549/509 520/554/514
f 490/538/500 512/551/511 513/555/515
f 483/539/501 505/553/513 506/556/516
f 497/537/499 521/557/517 498/540/502
f 476/542/503 107/558/33 499/559/518
f 490/538/500 514/560/519 491/543/504
f 483/539/501 507/561/520 484/544/505
f 692/562/39 498/540/502 521/557/517
f 477/546/506 499/559/518 500/563/521
f 491/543/504 515/564/522 492/547/507
f 484/544/505 508/565/523 485/548/508
f 477/546/506 501/566/524 478/525/487
f 492/547/507 516/567/525 493/527/489
f 485/548/508 509/568/526 486/524/486
f 479/526/488 501/566/524 502/569/527
f 493/527/489 517/570/528 494/528/490
f 487/529/491 509/568/526 510/571/529
f 479/526/488 503/572/530 480/530/492
f 495/531/493 517/570/528 518/573/531
f 487/529/491 511/550/510 488/532/494
f 480/530/492 504/552/512 481/533/495
f 506/574/516 530/575/532 507/576/520
f 692/577/39 521/578/517 544/579/533
f 500/580/521 522/581/534 523/582/535
f 514/583/519 538/584/536 515/585/522
f 507/576/520 531/586/537 508/587/523
f 500/580/521 524/588/538 501/589/524
f 515/585/522 539/590/539 516/591/525
f 508/587/523 532/592/540 509/593/526
f 502/594/527 524/588/538 525/595/541
f 517/596/528 539/590/539 540/597/542
f 510/598/529 532/592/540 533/599/543
f 502/594/527 526/600/544 503/601/530
f 518/602/531 540/597/542 541/603/545
f 510/598/529 534/604/546 511/605/510
f 503/601/530 527/606/547 504/607/512
f 518/602/531 542/608/548 519/609/509
f 512/610/511 534/604/546 535/611/549
f 505/612/513 527/606/547 528/613/550
f 519/609/509 543/614/551 520/615/514
f 513/616/515 535/611/549 536/617/552
f 506/574/516 528/613/550 529/618/553
f 520/615/514 544/579/533 521/578/517
f 499/619/518 107/620/33 522/581/534
f 513/616/515 537/621/554 514/583/519
f 533/599/543 555/622/555 556/623/556
f 525/595/541 549/624/557 526/600/544
f 541/603/545 563/625/558 564/626/559
f 533/599/543 557/627/560 534/604/546
f 526/600/544 550/628/561 527/606/547
f 541/603/545 565/629/562 542/608/548
f 534/604/546 558/630/563 535/611/549
f 528/613/550 550/628/561 551/631/564
f 543/614/551 565/629/562 566/632/565
f 535/611/549 559/633/566 536/617/552
f 529/618/553 551/631/564 552/634/567
f 543/614/551 567/635/568 544/579/533
f 522/581/534 107/636/33 545/637/569
f 536/617/552 560/638/570 537/621/554
f 529/618/553 553/639/571 530/575/532
f 692/640/39 544/579/533 567/635/568
f 522/581/534 546/641/572 523/582/535
f 537/621/554 561/642/573 538/584/536
f 530/575/532 554/643/574 531/586/537
f 523/582/535 547/644/575 524/588/538
f 538/584/536 562/645/576 539/590/539
f 531/586/537 555/622/555 532/592/540
f 525/595/541 547/644/575 548/646/577
f 539/590/539 563/625/558 540/597/542
f 566/632/565 588/647/578 589/648/579
f 558/630/563 582/649/580 559/633/566
f 552/634/567 574/650/581 575/651/582
f 566/632/565 590/652/583 567/635/568
f 545/637/569 107/653/33 568/654/584
f 559/633/566 583/655/585 560/638/570
f 552/634/567 576/656/586 553/639/571
f 692/657/39 567/635/568 590/652/583
f 546/641/572 568/654/584 569/658/587
f 560/638/570 584/659/588 561/642/573
f 553/639/571 577/660/589 554/643/574
f 546/641/572 570/661/590 547/644/575
f 561/642/573 585/662/591 562/645/576
f 554/643/574 578/663/592 555/622/555
f 548/646/577 570/661/590 571/664/593
f 563/625/558 585/662/591 586/665/594
f 556/623/556 578/663/592 579/666/595
f 548/646/577 572/667/596 549/624/557
f 564/626/559 586/665/594 587/668/597
f 556/623/556 580/669/598 557/627/560
f 549/624/557 573/670/599 550/628/561
f 564/626/559 588/647/578 565/629/562
f 558/630/563 580/669/598 581/671/600
f 551/631/564 573/670/599 574/650/581
f 576/656/586 600/672/601 577/660/589
f 569/658/587 593/673/602 570/661/590
f 584/659/588 608/674/603 585/662/591
f 577/660/589 601/675/604 578/663/592
f 571/664/593 593/673/602 594/676/605
f 585/662/591 609/677/606 586/665/594
f 579/666/595 601/675/604 602/678/607
f 571/664/593 595/679/608 572/667/596
f 587/668/597 609/677/606 610/680/609
f 579/666/595 603/681/610 580/669/598
f 572/667/596 596/682/611 573/670/599
f 587/668/597 611/683/612 588/647/578
f 581/671/600 603/681/610 604/684/613
f 574/650/581 596/682/611 597/685/614
f 589/648/579 611/683/612 612/686/615
f 581/671/600 605/687/616 582/649/580
f 575/651/582 597/685/614 598/688/617
f 589/648/579 613/689/618 590/652/583
f 568/654/584 107/690/33 591/691/619
f 583/655/585 605/687/616 606/692/620
f 575/651/582 599/693/621 576/656/586
f 692/694/39 590/652/583 613/689/618
f 568/654/584 592/695/622 569/658/587
f 583/655/585 607/696/623 584/659/588
f 602/678/607 626/697/624 603/681/610
f 595/679/608 619/698/625 596/682/611
f 610/680/609 634/699/626 611/683/612
f 604/684/613 626/697/624 627/700/627
f 597/685/614 619/698/625 620/701/628
f 611/683/612 635/702/629 612/686/615
f 604/684/613 628/703/630 605/687/616
f 598/688/617 620/701/628 621/704/631
f 613/689/618 635/702/629 636/705/632
f 591/691/619 107/706/33 614/707/633
f 606/692/620 628/703/630 629/708/634
f 598/688/617 622/709/635 599/693/621
f 692/710/39 613/689/618 636/705/632
f 591/691/619 615/711/636 592/695/622
f 606/692/620 630/712/637 607/696/623
f 600/672/601 622/709/635 623/713/638
f 592/695/622 616/714/639 593/673/602
f 607/696/623 631/715/640 608/674/603
f 600/672/601 624/716/641 601/675/604
f 594/676/605 616/714/639 617/717/642
f 609/677/606 631/715/640 632/718/643
f 602/678/607 624/716/641 625/719/644
f 594/676/605 618/720/645 595/679/608
f 610/680/609 632/718/643 633/721/646
f 635/702/629 659/722/647 636/705/632
f 614/707/633 107/723/33 637/724/648
f 629/708/634 651/725/649 652/726/650
f 621/704/631 645/727/651 622/709/635
f 692/728/39 636/705/632 659/722/647
f 615/711/636 637/724/648 638/729/652
f 629/708/634 653/730/653 630/712/637
f 622/709/635 646/731/654 623/713/638
f 615/711/636 639/732/655 616/714/639
f 630/712/637 654/733/656 631/715/640
f 623/713/638 647/734/657 624/716/641
f 617/717/642 639/732/655 640/735/658
f 631/715/640 655/736/659 632/718/643
f 625/719/644 647/734/657 648/737/660
f 617/717/642 641/738/661 618/720/645
f 633/721/646 655/736/659 656/739/662
f 625/719/644 649/740/663 626/697/624
f 618/720/645 642/741/664 619/698/625
f 633/721/646 657/742/665 634/699/626
f 627/700/627 649/740/663 650/743/666
f 620/701/628 642/741/664 643/744/667
f 635/702/629 657/742/665 658/745/668
f 628/703/630 650/743/666 651/725/649
f 621/704/631 643/744/667 644/746/669
f 646/731/654 670/747/670 647/734/657
f 640/735/658 662/748/671 663/749/672
f 654/733/656 678/750/673 655/736/659
f 648/737/660 670/747/670 671/751/674
f 640/735/658 664/752/675 641/738/661
f 655/736/659 679/753/676 656/739/662
f 648/737/660 672/754/677 649/740/663
f 642/741/664 664/752/675 665/755/678
f 656/739/662 680/756/679 657/742/665
f 650/743/666 672/754/677 673/757/680
f 643/744/667 665/755/678 666/758/681
f 658/745/668 680/756/679 681/759/682
f 651/725/649 673/757/680 674/760/683
f 644/746/669 666/758/681 667/761/684
f 658/745/668 682/762/685 659/722/647
f 637/724/648 107/763/33 660/764/686
f 652/726/650 674/760/683 675/765/687
f 644/746/669 668/766/688 645/727/651
f 692/767/39 659/722/647 682/762/685
f 638/729/652 660/764/686 661/768/689
f 652/726/650 676/769/690 653/730/653
f 645/727/651 669/770/691 646/731/654
f 639/732/655 661/768/689 662/748/671
f 653/730/653 677/771/692 654/733/656
f 673/757/680 8/15/15 9/21/21
f 666/758/681 685/17/17 686/23/23
f 681/759/682 13/19/19 691/24/24
f 674/760/683 9/21/21 10/26/26
f 667/761/684 686/23/23 687/29/29
f 682/762/685 691/24/24 14/30/30
f 660/764/686 107/772/33 1/32/32
f 675/765/687 10/26/26 688/35/35
f 667/761/684 4/38/38 668/766/688
f 692/773/39 682/762/685 14/30/30
f 660/764/686 683/41/41 661/768/689
f 675/765/687 11/42/42 676/769/690
f 668/766/688 5/45/45 669/770/691
f 661/768/689 2/1/1 662/748/671
f 676/769/690 689/47/47 677/771/692
f 669/770/691 6/7/7 670/747/670
f 662/748/671 3/3/3 663/749/672
f 677/771/692 690/4/4 678/750/673
f 671/751/674 6/7/7 7/9/9
f 663/749/672 684/11/11 664/752/675
f 679/753/676 690/4/4 12/12/12
f 671/751/674 8/15/15 672/754/677
f 665/755/678 684/11/11 685/17/17
f 680/756/679 12/12/12 13/19/19
f 2/1/1 17/46/46 18/2/2
f 690/4/4 689/47/47 32/5/5
f 6/7/7 25/48/48 26/8/8
f 3/3/3 18/2/2 19/10/10
f 12/12/12 690/4/4 33/6/6
f 7/9/9 26/8/8 27/14/14
f 684/11/11 19/10/10 20/16/16
f 12/12/12 34/13/13 35/18/18
f 8/15/15 27/14/14 28/20/20
f 685/17/17 20/16/16 21/22/22
f 691/24/24 13/19/19 35/18/18
f 10/26/26 9/21/21 28/20/20
f 686/23/23 21/22/22 22/28/28
f 14/30/30 691/24/24 36/25/25
f 688/35/35 10/26/26 29/27/27
f 687/29/29 22/28/28 23/37/37
f 1/32/32 15/34/34 16/40/40
f 11/42/42 688/35/35 30/36/36
f 4/38/38 23/37/37 24/44/44
f 683/41/41 16/40/40 17/46/46
f 689/47/47 11/42/42 31/43/43
f 5/45/45 24/44/44 25/48/48
f 15/34/34 38/70/69 39/49/49
f 30/36/36 53/71/70 54/50/50
f 23/37/37 46/72/71 47/51/51
f 16/40/40 39/49/49 40/52/52
f 31/43/43 54/50/50 55/53/53
f 25/48/48 24/44/44 47/51/51
f 17/46/46 40/52/52 41/55/55
f 32/5/5 55/53/53 56/56/56
f 25/48/48 48/54/54 49/57/57
f 19/10/10 18/2/2 41/55/55
f 33/6/6 56/56/56 57/59/59
f 26/8/8 49/57/57 50/60/60
f 19/10/10 42/58/58 43/61/61
f 34/13/13 57/59/59 58/62/62
f 27/14/14 50/60/60 51/63/63
f 21/22/22 20/16/16 43/61/61
f 35/18/18 58/62/62 59/65/65
f 29/27/27 28/20/20 51/63/63
f 21/22/22 44/64/64 45/67/67
f 36/25/25 59/65/65 60/68/68
f 29/27/27 52/66/66 53/71/70
f 22/28/28 45/67/67 46/72/71
f 41/55/55 64/97/93 65/74/72
f 56/56/56 79/98/94 80/75/73
f 50/60/60 49/57/57 72/76/74
f 42/58/58 65/74/72 66/78/76
f 57/59/59 80/75/73 81/79/77
f 51/63/63 50/60/60 73/77/75
f 44/64/64 43/61/61 66/78/76
f 58/62/62 81/79/77 82/82/80
f 51/63/63 74/80/78 75/83/81
f 44/64/64 67/81/79 68/84/82
f 59/65/65 82/82/80 83/85/83
f 52/66/66 75/83/81 76/88/85
f 45/67/67 68/84/82 69/89/86
f 38/70/69 61/87/84 62/91/87
f 53/71/70 76/88/85 77/92/88
f 47/51/51 46/72/71 69/89/86
f 40/52/52 39/49/49 62/91/87
f 54/50/50 77/92/88 78/95/91
f 47/51/51 70/93/89 71/96/92
f 40/52/52 63/94/90 64/97/93
f 56/56/56 55/53/53 78/95/91
f 48/54/54 71/96/92 72/76/74
f 74/80/78 97/121/115 98/99/95
f 67/81/79 90/122/116 91/100/96
f 82/82/80 105/123/117 106/101/97
f 75/83/81 98/99/95 99/104/99
f 68/84/82 91/100/96 92/105/100
f 61/87/84 84/103/98 85/107/101
f 76/88/85 99/104/99 100/108/102
f 70/93/89 69/89/86 92/105/100
f 63/94/90 62/91/87 85/107/101
f 77/92/88 100/108/102 101/111/105
f 70/93/89 93/109/103 94/112/106
f 63/94/90 86/110/104 87/113/107
f 79/98/94 78/95/91 101/111/105
f 71/96/92 94/112/106 95/115/109
f 65/74/72 64/97/93 87/113/107
f 79/98/94 102/114/108 103/117/111
f 72/76/74 95/115/109 96/118/112
f 65/74/72 88/116/110 89/119/113
f 80/75/73 103/117/111 104/120/114
f 74/80/78 73/77/75 96/118/112
f 67/81/79 66/78/76 89/119/113
f 81/79/77 104/120/114 105/123/117
f 86/110/104 85/107/101 109/124/118
f 100/108/102 124/147/139 125/126/120
f 93/109/103 117/148/140 118/127/121
f 87/113/107 86/110/104 110/125/119
f 102/114/108 101/111/105 125/126/120
f 94/112/106 118/127/121 119/130/124
f 88/116/110 87/113/107 111/128/122
f 102/114/108 126/129/123 127/132/126
f 96/118/112 95/115/109 119/130/124
f 88/116/110 112/131/125 113/134/128
f 103/117/111 127/132/126 128/135/129
f 97/121/115 96/118/112 120/133/127
f 90/122/116 89/119/113 113/134/128
f 104/120/114 128/135/129 129/138/132
f 97/121/115 121/136/130 122/139/133
f 90/122/116 114/137/131 115/140/134
f 105/123/117 129/138/132 130/141/135
f 99/104/99 98/99/95 122/139/133
f 91/100/96 115/140/134 116/145/138
f 84/103/98 108/143/136 109/124/118
f 99/104/99 123/144/137 124/147/139
f 92/105/100 116/145/138 117/148/140
f 112/131/125 135/171/161 136/149/141
f 127/132/126 150/172/162 151/150/142
f 120/133/127 143/173/163 144/151/143
f 114/137/131 113/134/128 136/149/141
f 129/138/132 128/135/129 151/150/142
f 122/139/133 121/136/130 144/151/143
f 115/140/134 114/137/131 137/152/144
f 129/138/132 152/153/145 153/156/148
f 123/144/137 122/139/133 145/154/146
f 115/140/134 138/155/147 139/160/151
f 108/143/136 131/158/149 132/162/152
f 123/144/137 146/159/150 147/163/153
f 116/145/138 139/160/151 140/164/154
f 109/124/118 132/162/152 133/165/155
f 124/147/139 147/163/153 148/166/156
f 118/127/121 117/148/140 140/164/154
f 111/128/122 110/125/119 133/165/155
f 125/126/120 148/166/156 149/169/159
f 118/127/121 141/167/157 142/170/160
f 111/128/122 134/168/158 135/171/161
f 126/129/123 149/169/159 150/172/162
f 119/130/124 142/170/160 143/173/163
f 146/159/150 145/154/146 168/174/164
f 138/155/147 161/196/185 162/176/166
f 131/158/149 154/198/186 155/179/168
f 146/159/150 169/175/165 170/180/169
f 139/160/151 162/176/166 163/181/170
f 132/162/152 155/179/168 156/182/171
f 147/163/153 170/180/169 171/183/172
f 141/167/157 140/164/154 163/181/170
f 134/168/158 133/165/155 156/182/171
f 149/169/159 148/166/156 171/183/172
f 141/167/157 164/184/173 165/187/176
f 134/168/158 157/185/174 158/188/177
f 149/169/159 172/186/175 173/189/178
f 142/170/160 165/187/176 166/190/179
f 135/171/161 158/188/177 159/191/180
f 150/172/162 173/189/178 174/192/181
f 143/173/163 166/190/179 167/193/182
f 137/152/144 136/149/141 159/191/180
f 152/153/145 151/150/142 174/192/181
f 145/154/146 144/151/143 167/193/182
f 138/155/147 137/152/144 160/194/183
f 152/153/145 175/195/184 176/178/167
f 157/185/174 156/182/171 179/199/187
f 172/186/175 171/183/172 194/201/189
f 164/184/173 187/223/209 188/203/191
f 157/185/174 180/200/188 181/204/192
f 173/189/178 172/186/175 195/202/190
f 165/187/176 188/203/191 189/206/194
f 158/188/177 181/204/192 182/207/195
f 173/189/178 196/205/193 197/208/196
f 166/190/179 189/206/194 190/209/197
f 160/194/183 159/191/180 182/207/195
f 175/195/184 174/192/181 197/208/196
f 168/174/164 167/193/182 190/209/197
f 161/196/185 160/194/183 183/210/198
f 175/195/184 198/211/199 199/214/202
f 169/175/165 168/174/164 191/212/200
f 161/196/185 184/213/201 185/218/205
f 155/179/168 154/198/186 177/216/203
f 169/175/165 192/217/204 193/221/207
f 162/176/166 185/218/205 186/222/208
f 155/179/168 178/220/206 179/199/187
f 170/180/169 193/221/207 194/201/189
f 163/181/170 186/222/208 187/223/209
f 183/210/198 182/207/195 205/224/210
f 198/211/199 197/208/196 220/226/212
f 191/212/200 190/209/197 213/228/214
f 184/213/201 183/210/198 206/225/211
f 198/211/199 221/227/213 222/231/217
f 192/217/204 191/212/200 214/229/215
f 184/213/201 207/230/216 208/235/220
f 177/216/203 200/233/218 201/237/221
f 192/217/204 215/234/219 216/238/222
f 185/218/205 208/235/220 209/239/223
f 178/220/206 201/237/221 202/240/224
f 193/221/207 216/238/222 217/241/225
f 187/223/209 186/222/208 209/239/223
f 180/200/188 179/199/187 202/240/224
f 195/202/190 194/201/189 217/241/225
f 187/223/209 210/242/226 211/245/229
f 180/200/188 203/243/227 204/246/230
f 195/202/190 218/244/228 219/247/231
f 189/206/194 188/203/191 211/245/229
f 181/204/192 204/246/230 205/224/210
f 196/205/193 219/247/231 220/226/212
f 189/206/194 212/248/232 213/228/214
f 215/234/219 238/270/253 239/249/233
f 208/235/220 231/271/254 232/250/234
f 201/237/221 224/273/255 225/251/235
f 216/238/222 239/249/233 240/252/236
f 210/242/226 209/239/223 232/250/234
f 203/243/227 202/240/224 225/251/235
f 218/244/228 217/241/225 240/252/236
f 211/245/229 210/242/226 233/253/237
f 203/243/227 226/254/238 227/257/241
f 219/247/231 218/244/228 241/255/239
f 211/245/229 234/256/240 235/259/243
f 204/246/230 227/257/241 228/260/244
f 219/247/231 242/258/242 243/261/245
f 212/248/232 235/259/243 236/262/246
f 206/225/211 205/224/210 228/260/244
f 220/226/212 243/261/245 244/264/248
f 213/228/214 236/262/246 237/265/249
f 207/230/216 206/225/211 229/263/247
f 221/227/213 244/264/248 245/267/251
f 214/229/215 237/265/249 238/270/253
f 208/235/220 207/230/216 230/266/250
f 200/233/218 223/269/252 224/273/255
f 226/254/238 249/297/277 250/274/256
f 241/255/239 264/298/278 265/275/257
f 235/259/243 234/256/240 257/276/258
f 227/257/241 250/274/256 251/278/260
f 242/258/242 265/275/257 266/279/261
f 235/259/243 258/277/259 259/280/262
f 229/263/247 228/260/244 251/278/260
f 243/261/245 266/279/261 267/282/264
f 236/262/246 259/280/262 260/283/265
f 229/263/247 252/281/263 253/284/266
f 244/264/248 267/282/264 268/285/267
f 237/265/249 260/283/265 261/288/269
f 230/266/250 253/284/266 254/289/270
f 223/269/252 246/287/268 247/291/271
f 238/270/253 261/288/269 262/292/272
f 231/271/254 254/289/270 255/293/273
f 224/273/255 247/291/271 248/294/274
f 239/249/233 262/292/272 263/295/275
f 232/250/234 255/293/273 256/296/276
f 226/254/238 225/251/235 248/294/274
f 241/255/239 240/252/236 263/295/275
f 233/253/237 256/296/276 257/276/258
f 252/281/263 275/321/299 276/299/279
f 267/282/264 290/322/300 291/300/280
f 260/283/265 283/323/301 284/303/282
f 253/284/266 276/299/279 277/304/283
f 247/291/271 246/287/268 269/302/281
f 261/288/269 284/303/282 285/307/285
f 254/289/270 277/304/283 278/308/286
f 247/291/271 270/306/284 271/309/287
f 262/292/272 285/307/285 286/310/288
f 255/293/273 278/308/286 279/311/289
f 249/297/277 248/294/274 271/309/287
f 264/298/278 263/295/275 286/310/288
f 256/296/276 279/311/289 280/314/292
f 249/297/277 272/312/290 273/315/293
f 265/275/257 264/298/278 287/313/291
f 257/276/258 280/314/292 281/317/295
f 250/274/256 273/315/293 274/318/296
f 265/275/257 288/316/294 289/319/297
f 258/277/259 281/317/295 282/320/298
f 252/281/263 251/278/260 274/318/296
f 266/279/261 289/319/297 290/322/300
f 259/280/262 282/320/298 283/323/301
f 285/307/285 308/348/324 309/324/302
f 279/311/289 278/308/286 301/325/303
f 272/312/290 271/309/287 294/327/305
f 286/310/288 309/324/302 310/329/307
f 280/314/292 279/311/289 302/326/304
f 272/312/290 295/328/306 296/331/309
f 288/316/294 287/313/291 310/329/307
f 280/314/292 303/330/308 304/333/311
f 274/318/296 273/315/293 296/331/309
f 288/316/294 311/332/310 312/335/313
f 281/317/295 304/333/311 305/336/314
f 275/321/299 274/318/296 297/334/312
f 290/322/300 289/319/297 312/335/313
f 282/320/298 305/336/314 306/339/317
f 275/321/299 298/337/315 299/340/318
f 290/322/300 313/338/316 314/341/319
f 283/323/301 306/339/317 307/344/321
f 277/304/283 276/299/279 299/340/318
f 269/302/281 292/343/320 293/347/323
f 285/307/285 284/303/282 307/344/321
f 277/304/283 300/345/322 301/325/303
f 270/306/284 293/347/323 294/327/305
f 296/331/309 319/372/346 320/349/325
f 311/332/310 334/373/347 335/350/326
f 305/336/314 304/333/311 327/351/327
f 298/337/315 297/334/312 320/349/325
f 313/338/316 312/335/313 335/350/326
f 305/336/314 328/352/328 329/355/331
f 298/337/315 321/353/329 322/356/332
f 313/338/316 336/354/330 337/357/333
f 306/339/317 329/355/331 330/360/335
f 300/345/322 299/340/318 322/356/332
f 293/347/323 292/343/320 315/359/334
f 308/348/324 307/344/321 330/360/335
f 300/345/322 323/361/336 324/365/339
f 293/347/323 316/363/337 317/366/340
f 308/348/324 331/364/338 332/367/341
f 301/325/303 324/365/339 325/368/342
f 295/328/306 294/327/305 317/366/340
f 310/329/307 309/324/302 332/367/341
f 303/330/308 302/326/304 325/368/342
f 295/328/306 318/369/343 319/372/346
f 311/332/310 310/329/307 333/370/344
f 303/330/308 326/371/345 327/351/327
f 322/356/332 345/396/369 346/374/348
f 315/359/334 338/398/370 339/377/350
f 331/364/338 330/360/335 353/378/351
f 323/361/336 346/374/348 347/380/353
f 316/363/337 339/377/350 340/381/354
f 331/364/338 354/379/352 355/382/355
f 324/365/339 347/380/353 348/383/356
f 318/369/343 317/366/340 340/381/354
f 332/367/341 355/382/355 356/385/358
f 325/368/342 348/383/356 349/386/359
f 319/372/346 318/369/343 341/384/357
f 333/370/344 356/385/358 357/388/361
f 326/371/345 349/386/359 350/389/362
f 319/372/346 342/387/360 343/390/363
f 334/373/347 357/388/361 358/391/364
f 327/351/327 350/389/362 351/392/365
f 321/353/329 320/349/325 343/390/363
f 336/354/330 335/350/326 358/391/364
f 328/352/328 351/392/365 352/395/368
f 321/353/329 344/393/366 345/396/369
f 336/354/330 359/394/367 360/376/349
f 330/360/335 329/355/331 352/395/368
f 356/385/358 355/382/355 378/399/371
f 348/383/356 371/423/393 372/401/373
f 342/387/360 341/384/357 364/402/374
f 356/385/358 379/400/372 380/404/376
f 349/386/359 372/401/373 373/405/377
f 343/390/363 342/387/360 365/403/375
f 357/388/361 380/404/376 381/407/379
f 350/389/362 373/405/377 374/408/380
f 344/393/366 343/390/363 366/406/378
f 358/391/364 381/407/379 382/410/382
f 351/392/365 374/408/380 375/411/383
f 344/393/366 367/409/381 368/412/384
f 359/394/367 382/410/382 383/413/385
f 352/395/368 375/411/383 376/416/387
f 345/396/369 368/412/384 369/417/388
f 339/377/350 338/398/370 361/415/386
f 354/379/352 353/378/351 376/416/387
f 346/374/348 369/417/388 370/421/391
f 340/381/354 339/377/350 362/419/389
f 354/379/352 377/420/390 378/399/371
f 347/380/353 370/421/391 371/423/393
f 341/384/357 340/381/354 363/422/392
f 367/409/381 366/406/378 389/424/394
f 382/410/382 381/407/379 404/426/396
f 374/408/380 397/448/416 398/428/398
f 367/409/381 390/425/395 391/429/399
f 383/413/385 382/410/382 405/427/397
f 375/411/383 398/428/398 399/433/402
f 368/412/384 391/429/399 392/434/403
f 361/415/386 384/432/401 385/436/404
f 377/420/390 376/416/387 399/433/402
f 369/417/388 392/434/403 393/438/406
f 362/419/389 385/436/404 386/439/407
f 377/420/390 400/437/405 401/440/408
f 371/423/393 370/421/391 393/438/406
f 363/422/392 386/439/407 387/442/410
f 378/399/371 401/440/408 402/443/411
f 372/401/373 371/423/393 394/441/409
f 364/402/374 387/442/410 388/445/413
f 380/404/376 379/400/372 402/443/411
f 372/401/373 395/444/412 396/447/415
f 365/403/375 388/445/413 389/424/394
f 380/404/376 403/446/414 404/426/396
f 373/405/377 396/447/415 397/448/416
f 392/434/403 415/471/438 416/449/417
f 386/439/407 385/436/404 408/450/418
f 400/437/405 423/473/439 424/452/420
f 394/441/409 393/438/406 416/449/417
f 387/442/410 386/439/407 409/451/419
f 401/440/408 424/452/420 425/455/423
f 395/444/412 394/441/409 417/453/421
f 387/442/410 410/454/422 411/457/425
f 403/446/414 402/443/411 425/455/423
f 395/444/412 418/456/424 419/459/427
f 389/424/394 388/445/413 411/457/425
f 403/446/414 426/458/426 427/461/429
f 396/447/415 419/459/427 420/462/430
f 390/425/395 389/424/394 412/460/428
f 404/426/396 427/461/429 428/464/432
f 397/448/416 420/462/430 421/465/433
f 390/425/395 413/463/431 414/466/434
f 405/427/397 428/464/432 429/467/435
f 399/433/402 398/428/398 421/465/433
f 391/429/399 414/466/434 415/471/438
f 384/432/401 407/469/436 408/450/418
f 399/433/402 422/470/437 423/473/439
f 426/458/426 425/455/423 448/474/440
f 418/456/424 441/497/461 442/476/442
f 411/457/425 434/498/462 435/477/443
f 426/458/426 449/475/441 450/478/444
f 419/459/427 442/476/442 443/479/445
f 413/463/431 412/460/428 435/477/443
f 428/464/432 427/461/429 450/478/444
f 420/462/430 443/479/445 444/482/448
f 413/463/431 436/480/446 437/483/449
f 428/464/432 451/481/447 452/484/450
f 421/465/433 444/482/448 445/487/452
f 414/466/434 437/483/449 438/488/453
f 407/469/436 430/486/451 431/490/454
f 422/470/437 445/487/452 446/491/455
f 415/471/438 438/488/453 439/492/456
f 408/450/418 431/490/454 432/493/457
f 423/473/439 446/491/455 447/494/458
f 416/449/417 439/492/456 440/495/459
f 410/454/422 409/451/419 432/493/457
f 425/455/423 424/452/420 447/494/458
f 417/453/421 440/495/459 441/497/461
f 410/454/422 433/496/460 434/498/462
f 437/483/449 436/480/446 459/499/463
f 451/481/447 474/522/484 475/501/465
f 444/482/448 467/523/485 468/504/467
f 437/483/449 460/500/464 461/505/468
f 430/486/451 453/503/466 454/507/469
f 445/487/452 468/504/467 469/508/470
f 438/488/453 461/505/468 462/509/471
f 431/490/454 454/507/469 455/510/472
f 446/491/455 469/508/470 470/511/473
f 439/492/456 462/509/471 463/512/474
f 433/496/460 432/493/457 455/510/472
f 448/474/440 447/494/458 470/511/473
f 441/497/461 440/495/459 463/512/474
f 433/496/460 456/513/475 457/516/478
f 449/475/441 448/474/440 471/514/476
f 441/497/461 464/515/477 465/518/480
f 434/498/462 457/516/478 458/519/481
f 449/475/441 472/517/479 473/520/482
f 443/479/445 442/476/442 465/518/480
f 436/480/446 435/477/443 458/519/481
f 451/481/447 450/478/444 473/520/482
f 444/482/448 443/479/445 466/521/483
f 462/509/471 485/548/508 486/524/486
f 456/513/475 455/510/472 478/525/487
f 471/514/476 470/511/473 493/527/489
f 464/515/477 463/512/474 486/524/486
f 456/513/475 479/526/488 480/530/492
f 472/517/479 471/514/476 494/528/490
f 464/515/477 487/529/491 488/532/494
f 457/516/478 480/530/492 481/533/495
f 472/517/479 495/531/493 496/534/496
f 466/521/483 465/518/480 488/532/494
f 459/499/463 458/519/481 481/533/495
f 474/522/484 473/520/482 496/534/496
f 466/521/483 489/535/497 490/538/500
f 460/500/464 459/499/463 482/536/498
f 474/522/484 497/537/499 498/540/502
f 467/523/485 490/538/500 491/543/504
f 460/500/464 483/539/501 484/544/505
f 453/503/466 476/542/503 477/546/506
f 468/504/467 491/543/504 492/547/507
f 461/505/468 484/544/505 485/548/508
f 454/507/469 477/546/506 478/525/487
f 469/508/470 492/547/507 493/527/489
f 495/531/493 518/573/531 519/549/509
f 489/535/497 488/532/494 511/550/510
f 482/536/498 481/533/495 504/552/512
f 497/537/499 496/534/496 519/549/509
f 490/538/500 489/535/497 512/551/511
f 483/539/501 482/536/498 505/553/513
f 497/537/499 520/554/514 521/557/517
f 490/538/500 513/555/515 514/560/519
f 483/539/501 506/556/516 507/561/520
f 477/546/506 476/542/503 499/559/518
f 491/543/504 514/560/519 515/564/522
f 484/544/505 507/561/520 508/565/523
f 477/546/506 500/563/521 501/566/524
f 492/547/507 515/564/522 516/567/525
f 485/548/508 508/565/523 509/568/526
f 479/526/488 478/525/487 501/566/524
f 493/527/489 516/567/525 517/570/528
f 487/529/491 486/524/486 509/568/526
f 479/526/488 502/569/527 503/572/530
f 495/531/493 494/528/490 517/570/528
f 487/529/491 510/571/529 511/550/510
f 480/530/492 503/572/530 504/552/512
f 506/574/516 529/618/553 530/575/532
f 500/580/521 499/619/518 522/581/534
f 514/583/519 537/621/554 538/584/536
f 507/576/520 530/575/532 531/586/537
f 500/580/521 523/582/535 524/588/538
f 515/585/522 538/584/536 539/590/539
f 508/587/523 531/586/537 532/592/540
f 502/594/527 501/589/524 524/588/538
f 517/596/528 516/591/525 539/590/539
f 510/598/529 509/593/526 532/592/540
f 502/594/527 525/595/541 526/600/544
f 518/602/531 517/596/528 540/597/542
f 510/598/529 533/599/543 534/604/546
f 503/601/530 526/600/544 527/606/547
f 518/602/531 541/603/545 542/608/548
f 512/610/511 511/605/510 534/604/546
f 505/612/513 504/607/512 527/606/547
f 519/609/509 542/608/548 543/614/551
f 513/616/515 512/610/511 535/611/549
f 506/574/516 505/612/513 528/613/550
f 520/615/514 543/614/551 544/579/533
f 513/616/515 536/617/552 537/621/554
f 533/599/543 532/592/540 555/622/555
f 525/595/541 548/646/577 549/624/557
f 541/603/545 540/597/542 563/625/558
f 533/599/543 556/623/556 557/627/560
f 526/600/544 549/624/557 550/628/561
f 541/603/545 564/626/559 565/629/562
f 534/604/546 557/627/560 558/630/563
f 528/613/550 527/606/547 550/628/561
f 543/614/551 542/608/548 565/629/562
f 535/611/549 558/630/563 559/633/566
f 529/618/553 528/613/550 551/631/564
f 543/614/551 566/632/565 567/635/568
f 536/617/552 559/633/566 560/638/570
f 529/618/553 552/634/567 553/639/571
f 522/581/534 545/637/569 546/641/572
f 537/621/554 560/638/570 561/642/573
f 530/575/532 553/639/571 554/643/574
f 523/582/535 546/641/572 547/644/575
f 538/584/536 561/642/573 562/645/576
f 531/586/537 554/643/574 555/622/555
f 525/595/541 524/588/538 547/644/575
f 539/590/539 562/645/576 563/625/558
f 566/632/565 565/629/562 588/647/578
f 558/630/563 581/671/600 582/649/580
f 552/634/567 551/631/564 574/650/581
f 566/632/565 589/648/579 590/652/583
f 559/633/566 582/649/580 583/655/585
f 552/634/567 575/651/582 576/656/586
f 546/641/572 545/637/569 568/654/584
f 560/638/570 583/655/585 584/659/588
f 553/639/571 576/656/586 577/660/589
f 546/641/572 569/658/587 570/661/590
f 561/642/573 584/659/588 585/662/591
f 554/643/574 577/660/589 578/663/592
f 548/646/577 547/644/575 570/661/590
f 563/625/558 562/645/576 585/662/591
f 556/623/556 555/622/555 578/663/592
f 548/646/577 571/664/593 572/667/596
f 564/626/559 563/625/558 586/665/594
f 556/623/556 579/666/595 580/669/598
f 549/624/557 572/667/596 573/670/599
f 564/626/559 587/668/597 588/647/578
f 558/630/563 557/627/560 580/669/598
f 551/631/564 550/628/561 573/670/599
f 576/656/586 599/693/621 600/672/601
f 569/658/587 592/695/622 593/673/602
f 584/659/588 607/696/623 608/674/603
f 577/660/589 600/672/601 601/675/604
f 571/664/593 570/661/590 593/673/602
f 585/662/591 608/674/603 609/677/606
f 579/666/595 578/663/592 601/675/604
f 571/664/593 594/676/605 595/679/608
f 587/668/597 586/665/594 609/677/606
f 579/666/595 602/678/607 603/681/610
f 572/667/596 595/679/608 596/682/611
f 587/668/597 610/680/609 611/683/612
f 581/671/600 580/669/598 603/681/610
f 574/650/581 573/670/599 596/682/611
f 589/648/579 588/647/578 611/683/612
f 581/671/600 604/684/613 605/687/616
f 575/651/582 574/650/581 597/685/614
f 589/648/579 612/686/615 613/689/618
f 583/655/585 582/649/580 605/687/616
f 575/651/582 598/688/617 599/693/621
f 568/654/584 591/691/619 592/695/622
f 583/655/585 606/692/620 607/696/623
f 602/678/607 625/719/644 626/697/624
f 595/679/608 618/720/645 619/698/625
f 610/680/609 633/721/646 634/699/626
f 604/684/613 603/681/610 626/697/624
f 597/685/614 596/682/611 619/698/625
f 611/683/612 634/699/626 635/702/629
f 604/684/613 627/700/627 628/703/630
f 598/688/617 597/685/614 620/701/628
f 613/689/618 612/686/615 635/702/629
f 606/692/620 605/687/616 628/703/630
f 598/688/617 621/704/631 622/709/635
f 591/691/619 614/707/633 615/711/636
f 606/692/620 629/708/634 630/712/637
f 600/672/601 599/693/621 622/709/635
f 592/695/622 615/711/636 616/714/639
f 607/696/623 630/712/637 631/715/640
f 600/672/601 623/713/638 624/716/641
f 594/676/605 593/673/602 616/714/639
f 609/677/606 608/674/603 631/715/640
f 602/678/607 601/675/604 624/716/641
f 594/676/605 617/717/642 618/720/645
f 610/680/609 609/677/606 632/718/643
f 635/702/629 658/745/668 659/722/647
f 629/708/634 628/703/630 651/725/649
f 621/704/631 644/746/669 645/727/651
f 615/711/636 614/707/633 637/724/648
f 629/708/634 652/726/650 653/730/653
f 622/709/635 645/727/651 646/731/654
f 615/711/636 638/729/652 639/732/655
f 630/712/637 653/730/653 654/733/656
f 623/713/638 646/731/654 647/734/657
f 617/717/642 616/714/639 639/732/655
f 631/715/640 654/733/656 655/736/659
f 625/719/644 624/716/641 647/734/657
f 617/717/642 640/735/658 641/738/661
f 633/721/646 632/718/643 655/736/659
f 625/719/644 648/737/660 649/740/663
f 618/720/645 641/738/661 642/741/664
f 633/721/646 656/739/662 657/742/665
f 627/700/627 626/697/624 649/740/663
f 620/701/628 619/698/625 642/741/664
f 635/702/629 634/699/626 657/742/665
f 628/703/630 627/700/627 650/743/666
f 621/704/631 620/701/628 643/744/667
f 646/731/654 669/770/691 670/747/670
f 640/735/658 639/732/655 662/748/671
f 654/733/656 677/771/692 678/750/673
f 648/737/660 647/734/657 670/747/670
f 640/735/658 663/749/672 664/752/675
f 655/736/659 678/750/673 679/753/676
f 648/737/660 671/751/674 672/754/677
f 642/741/664 641/738/661 664/752/675
f 656/739/662 679/753/676 680/756/679
f 650/743/666 649/740/663 672/754/677
f 643/744/667 642/741/664 665/755/678
f 658/745/668 657/742/665 680/756/679
f 651/725/649 650/743/666 673/757/680
f 644/746/669 643/744/667 666/758/681
f 658/745/668 681/759/682 682/762/685
f 652/726/650 651/725/649 674/760/683
f 644/746/669 667/761/684 668/766/688
f 638/729/652 637/724/648 660/764/686
f 652/726/650 675/765/687 676/769/690
f 645/727/651 668/766/688 669/770/691
f 639/732/655 638/729/652 661/768/689
f 653/730/653 676/769/690 677/771/692
f 673/757/680 672/754/677 8/15/15
f 666/758/681 665/755/678 685/17/17
f 681/759/682 680/756/679 13/19/19
f 674/760/683 673/757/680 9/21/21
f 667/761/684 666/758/681 686/23/23
f 682/762/685 681/759/682 691/24/24
f 675/765/687 674/760/683 10/26/26
f 667/761/684 687/29/29 4/38/38
f 660/764/686 1/32/32 683/41/41
f 675/765/687 688/35/35 11/42/42
f 668/766/688 4/38/38 5/45/45
f 661/768/689 683/41/41 2/1/1
f 676/769/690 11/42/42 689/47/47
f 669/770/691 5/45/45 6/7/7
f 662/748/671 2/1/1 3/3/3
f 677/771/692 689/47/47 690/4/4
f 671/751/674 670/747/670 6/7/7
f 663/749/672 3/3/3 684/11/11
f 679/753/676 678/750/673 690/4/4
f 671/751/674 7/9/9 8/15/15
f 665/755/678 664/752/675 684/11/11
f 680/756/679 679/753/676 12/12/12
